#
# There is insufficient memory for the Java Runtime Environment to continue.
# Native memory allocation (malloc) failed to allocate 1331736 bytes. Error detail: Chunk::new
# Possible reasons:
#   The system is out of physical RAM or swap space
#   This process is running with CompressedOops enabled, and the Java Heap may be blocking the growth of the native heap
# Possible solutions:
#   Reduce memory load on the system
#   Increase physical memory or swap space
#   Check if swap backing store is full
#   Decrease Java heap size (-Xmx/-Xms)
#   Decrease number of Java threads
#   Decrease Java thread stack sizes (-Xss)
#   Set larger code cache with -XX:ReservedCodeCacheSize=
#   JVM is running with Unscaled Compressed Oops mode in which the Java heap is
#     placed in the first 4GB address space. The Java Heap base address is the
#     maximum limit for the native heap growth. Please use -XX:HeapBaseMinAddress
#     to set the Java Heap base and to place the Java Heap above 4GB virtual address.
# This output file may be truncated or incomplete.
#
#  Out of Memory Error (arena.cpp:193), pid=20852, tid=21852
#
# JRE version: Java(TM) SE Runtime Environment (26.0+35) (build 26+35-2893)
# Java VM: Java HotSpot(TM) 64-Bit Server VM (26+35-2893, mixed mode, sharing, tiered, compressed oops, compressed class ptrs, g1 gc, windows-amd64)
# No core dump will be written. Minidumps are not enabled by default on client versions of Windows
#

---------------  S U M M A R Y ------------

Command Line: -javaagent:D:\IntelliJ IDEA 2026.1.2\lib\idea_rt.jar=57561 -Dfile.encoding=UTF-8 -Dsun.stdout.encoding=UTF-8 -Dsun.stderr.encoding=UTF-8 com.example.ecommerce_project.EcommerceProjectApplication

Host: Intel(R) Pentium(R) Gold G5420 CPU @ 3.80GHz, 4 cores, 3G,  Windows 10 , 64 bit Build 18362 (10.0.18362.86)
Time: Thu Oct  1 12:36:51 2026 Georgian Standard Time elapsed time: 1812.186153 seconds (0d 0h 30m 12s)

---------------  T H R E A D  ---------------

Current thread (0x000001facd64f520):  JavaThread "C2 CompilerThread0" daemon [_thread_in_native, id=21852, stack(0x00000038b0500000,0x00000038b0600000) (1024K)]


Current CompileTask:
C2:1812186 9290       4       com.mysql.cj.conf.DefaultPropertySet::getBooleanProperty (6 bytes)

Stack: [0x00000038b0500000,0x00000038b0600000]
Native frames: (J=compiled Java code, j=interpreted, Vv=VM code, C=native code)
V  [jvm.dll+0x7d5719]  (no source info available)
V  [jvm.dll+0x7a367d]  (no source info available)
V  [jvm.dll+0x9b0aa0]  (no source info available)
V  [jvm.dll+0x9b2ef1]  (no source info available)
V  [jvm.dll+0x9b3603]  (no source info available)
V  [jvm.dll+0x30de86]  (no source info available)
V  [jvm.dll+0x11d7c6]  (no source info available)
V  [jvm.dll+0x11daee]  (no source info available)
V  [jvm.dll+0x1afb06]  (no source info available)
V  [jvm.dll+0x3ca732]  (no source info available)
V  [jvm.dll+0x7de302]  (no source info available)
V  [jvm.dll+0x2d1557]  (no source info available)
V  [jvm.dll+0x2d04cf]  (no source info available)
V  [jvm.dll+0x246740]  (no source info available)
V  [jvm.dll+0x2e05ec]  (no source info available)
V  [jvm.dll+0x2de7cd]  (no source info available)
V  [jvm.dll+0x4a3f01]  (no source info available)
V  [jvm.dll+0x94f4e9]  (no source info available)
V  [jvm.dll+0x7d71f8]  (no source info available)
C  [ucrtbase.dll+0x1d9f2]  (no source info available)
C  [KERNEL32.DLL+0x17bd4]  (no source info available)
C  [ntdll.dll+0x6ce71]  (no source info available)

Lock stack of current Java thread (top to bottom):


---------------  P R O C E S S  ---------------

Threads class SMR info:
_java_thread_list=0x000001faedb685c0, length=32, elements={
0x000001facd63f6d0, 0x000001facd641290, 0x000001facd643810, 0x000001facd6463d0,
0x000001facd648730, 0x000001facd649a80, 0x000001facd64f520, 0x000001facd656130,
0x000001faed110300, 0x000001faed5ba5f0, 0x000001faed5bada0, 0x000001faede51930,
0x000001faf0412670, 0x000001faf040c8b0, 0x000001faf0412e40, 0x000001faf040d080,
0x000001faf08d9c20, 0x000001faf08da3f0, 0x000001faf08dcb00, 0x000001faf08d9450,
0x000001faf08dabc0, 0x000001faf08db390, 0x000001faf08dc330, 0x000001faf08ddaa0,
0x000001faf08de270, 0x000001faf08dea40, 0x000001faf08dbb60, 0x000001faf1296150,
0x000001faf1299030, 0x000001faf129bf10, 0x000001faf047e490, 0x000001faf04803d0
}

Java Threads: ( => current thread )
  0x000001facd63f6d0 JavaThread "Reference Handler"          daemon [_thread_blocked, id=17600, stack(0x00000038aff00000,0x00000038b0000000) (1024K)]
  0x000001facd641290 JavaThread "Finalizer"                  daemon [_thread_blocked, id=13264, stack(0x00000038b0000000,0x00000038b0100000) (1024K)]
  0x000001facd643810 JavaThread "Signal Dispatcher"          daemon [_thread_blocked, id=18464, stack(0x00000038b0100000,0x00000038b0200000) (1024K)]
  0x000001facd6463d0 JavaThread "Attach Listener"            daemon [_thread_blocked, id=16296, stack(0x00000038b0200000,0x00000038b0300000) (1024K)]
  0x000001facd648730 JavaThread "Service Thread"             daemon [_thread_blocked, id=6668, stack(0x00000038b0300000,0x00000038b0400000) (1024K)]
  0x000001facd649a80 JavaThread "Monitor Deflation Thread"   daemon [_thread_blocked, id=9596, stack(0x00000038b0400000,0x00000038b0500000) (1024K)]
=>0x000001facd64f520 JavaThread "C2 CompilerThread0"         daemon [_thread_in_native, id=21852, stack(0x00000038b0500000,0x00000038b0600000) (1024K)]
  0x000001facd656130 JavaThread "C1 CompilerThread0"         daemon [_thread_blocked, id=13208, stack(0x00000038b0600000,0x00000038b0700000) (1024K)]
  0x000001faed110300 JavaThread "Common-Cleaner"             daemon [_thread_blocked, id=20700, stack(0x00000038b0700000,0x00000038b0800000) (1024K)]
  0x000001faed5ba5f0 JavaThread "Monitor Ctrl-Break"         daemon [_thread_in_native, id=9016, stack(0x00000038b0a00000,0x00000038b0b00000) (1024K)]
  0x000001faed5bada0 JavaThread "Notification Thread"        daemon [_thread_blocked, id=21264, stack(0x00000038b0b00000,0x00000038b0c00000) (1024K)]
  0x000001faede51930 JavaThread "mysql-cj-abandoned-connection-cleanup" daemon [_thread_blocked, id=19504, stack(0x00000038b0f00000,0x00000038b1000000) (1024K)]
  0x000001faf0412670 JavaThread "HikariPool-1:housekeeper"   daemon [_thread_blocked, id=22100, stack(0x00000038b1100000,0x00000038b1200000) (1024K)]
  0x000001faf040c8b0 JavaThread "Catalina-utility-1"                [_thread_blocked, id=18064, stack(0x00000038b1200000,0x00000038b1300000) (1024K)]
  0x000001faf0412e40 JavaThread "Catalina-utility-2"                [_thread_blocked, id=3180, stack(0x00000038b1300000,0x00000038b1400000) (1024K)]
  0x000001faf040d080 JavaThread "container-0"                       [_thread_blocked, id=18252, stack(0x00000038b1400000,0x00000038b1500000) (1024K)]
  0x000001faf08d9c20 JavaThread "File Watcher"               daemon [_thread_blocked, id=19896, stack(0x00000038af300000,0x00000038af400000) (1024K)]
  0x000001faf08da3f0 JavaThread "http-nio-8090-exec-1"       daemon [_thread_blocked, id=19644, stack(0x00000038b1500000,0x00000038b1600000) (1024K)]
  0x000001faf08dcb00 JavaThread "http-nio-8090-exec-2"       daemon [_thread_blocked, id=4356, stack(0x00000038b1600000,0x00000038b1700000) (1024K)]
  0x000001faf08d9450 JavaThread "http-nio-8090-exec-3"       daemon [_thread_blocked, id=4584, stack(0x00000038b1700000,0x00000038b1800000) (1024K)]
  0x000001faf08dabc0 JavaThread "http-nio-8090-exec-4"       daemon [_thread_blocked, id=14620, stack(0x00000038b1800000,0x00000038b1900000) (1024K)]
  0x000001faf08db390 JavaThread "http-nio-8090-exec-5"       daemon [_thread_blocked, id=18620, stack(0x00000038b1900000,0x00000038b1a00000) (1024K)]
  0x000001faf08dc330 JavaThread "http-nio-8090-exec-6"       daemon [_thread_blocked, id=16768, stack(0x00000038b1a00000,0x00000038b1b00000) (1024K)]
  0x000001faf08ddaa0 JavaThread "http-nio-8090-exec-7"       daemon [_thread_blocked, id=5036, stack(0x00000038b1b00000,0x00000038b1c00000) (1024K)]
  0x000001faf08de270 JavaThread "http-nio-8090-exec-8"       daemon [_thread_blocked, id=1620, stack(0x00000038b1c00000,0x00000038b1d00000) (1024K)]
  0x000001faf08dea40 JavaThread "http-nio-8090-exec-9"       daemon [_thread_blocked, id=5812, stack(0x00000038b1d00000,0x00000038b1e00000) (1024K)]
  0x000001faf08dbb60 JavaThread "http-nio-8090-exec-10"      daemon [_thread_blocked, id=16988, stack(0x00000038b1e00000,0x00000038b1f00000) (1024K)]
  0x000001faf1296150 JavaThread "http-nio-8090-Poller"       daemon [_thread_in_native, id=20148, stack(0x00000038b1f00000,0x00000038b2000000) (1024K)]
  0x000001faf1299030 JavaThread "http-nio-8090-Acceptor"     daemon [_thread_in_native, id=6580, stack(0x00000038b2000000,0x00000038b2100000) (1024K)]
  0x000001faf129bf10 JavaThread "DestroyJavaVM"                     [_thread_blocked, id=2948, stack(0x00000038af600000,0x00000038af700000) (1024K)]
  0x000001faf047e490 JavaThread "HikariPool-1:connection-closer" daemon [_thread_blocked, id=20740, stack(0x00000038af400000,0x00000038af500000) (1024K)]
  0x000001faf04803d0 JavaThread "HikariPool-1:connection-adder" daemon [_thread_in_Java, id=9684, stack(0x00000038af500000,0x00000038af600000) (1024K)]
Total: 32

Other Threads:
  0x000001facd633240 VMThread "VM Thread"                           [id=20676, stack(0x00000038afe00000,0x00000038aff00000) (1024K)]
  0x000001fae8d4d870 WatcherThread "VM Periodic Task Thread"        [id=17912, stack(0x00000038afd00000,0x00000038afe00000) (1024K)]
  0x000001facd5e60a0 WorkerThread "GC Thread#0"                     [id=9388, stack(0x00000038af700000,0x00000038af800000) (1024K)]
  0x000001faed351730 WorkerThread "GC Thread#1"                     [id=3988, stack(0x00000038b0900000,0x00000038b0a00000) (1024K)]
  0x000001faedc39150 WorkerThread "GC Thread#2"                     [id=10984, stack(0x00000038b0c00000,0x00000038b0d00000) (1024K)]
  0x000001faedc395a0 WorkerThread "GC Thread#3"                     [id=12608, stack(0x00000038b0e00000,0x00000038b0f00000) (1024K)]
  0x000001facd5f3710 ConcurrentGCThread "G1 Main Marker"            [id=18736, stack(0x00000038af800000,0x00000038af900000) (1024K)]
  0x000001facd5f4a30 WorkerThread "G1 Conc#0"                       [id=22212, stack(0x00000038af900000,0x00000038afa00000) (1024K)]
  0x000001facd614810 WorkerThread "G1 Refinement Workers#0"         [id=22080, stack(0x00000038afb00000,0x00000038afc00000) (1024K)]
  0x000001facd612d90 ConcurrentGCThread "G1 Refine Control"         [id=4516, stack(0x00000038afa00000,0x00000038afb00000) (1024K)]
  0x000001facd617a60 ConcurrentGCThread "G1 Service"                [id=20440, stack(0x00000038afc00000,0x00000038afd00000) (1024K)]
Total: 11

Threads with active compile tasks:
C2 CompilerThread0  1812324 9290       4       com.mysql.cj.conf.DefaultPropertySet::getBooleanProperty (6 bytes)
Total: 1

VM state: not at safepoint (normal execution)

VM Mutex/Monitor currently owned by a thread: None

Heap address: 0x00000000c1800000, size: 1000 MB, Compressed Oops mode: 32-bit

CDS archive(s) mapped at: [0x000000000e000000-0x000000000ede0000-0x000000000ede0000), size 14548992, SharedBaseAddress: 0x000000000e000000, ArchiveRelocationMode: 1.
Compressed class space mapped at: 0x000000000f000000-0x000000004f000000, reserved size: 1073741824
UseCompressedClassPointers 1, UseCompactObjectHeaders 0
Narrow klass pointer bits 32, Max shift 3
Narrow klass base: 0x000000000e000000, Narrow klass shift: 0
Encoding Range: [0x000000000e000000 - 0x000000010e000000), (4294967296 bytes)
Klass Range:    [0x000000000e000000 - 0x000000004f000000), (1090519040 bytes)
Klass ID Range:  [8 - 1090519033) (1090519025)
Protection zone: [0x000000000e000000 - 0x000000000e010000), (65536 bytes)

GC Precious Log:
 CardTable entry size: 512
 Card Set container configuration: InlinePtr #cards 5 size 8 Array Of Cards #cards 10 size 36 Howl #buckets 4 coarsen threshold 1843 Howl Bitmap #cards 512 size 80 coarsen threshold 460 Card regions per heap region 1 cards per card region 2048
 CPUs: 4 total, 4 available
 Memory: 3992M
 Large Page Support: Disabled
 NUMA Support: Disabled
 Compressed Oops: Enabled (32-bit)
 Heap Region Size: 1M
 Heap Min Capacity: 8M
 Heap Initial Capacity: 8M
 Heap Max Capacity: 1000M
 Pre-touch: Disabled
 Parallel Workers: 4
 Concurrent Workers: 1
 Concurrent Refinement Workers: 4
 Periodic GC: Disabled

Heap:
 garbage-first heap   total reserved 1024000K, committed 476160K, used 248821K [0x00000000c1800000, 0x0000000100000000)
  region size 1M, 174 eden (174M), 2 survivor (2M), 67 old (67M), 3 humongous (3M), 219 free (219M)

Heap Regions: E=young(eden), S=young(survivor), O=old, HS=humongous(starts), HC=humongous(continues), CS=collection set, F=free, TAMS=top-at-mark-start, PB=parsable bottom
|    0|0x00000000c1800000, 0x00000000c1900000, 0x00000000c1900000|100%|HS|  |TAMS 0x00000000c1800000| PB 0x00000000c1800000| Complete  |  0
|    1|0x00000000c1900000, 0x00000000c1a00000, 0x00000000c1a00000|100%| O|  |TAMS 0x00000000c1900000| PB 0x00000000c1900000| Untracked |  0
|    2|0x00000000c1a00000, 0x00000000c1b00000, 0x00000000c1b00000|100%| O|  |TAMS 0x00000000c1a00000| PB 0x00000000c1a00000| Untracked |  0
|    3|0x00000000c1b00000, 0x00000000c1c00000, 0x00000000c1c00000|100%| O|  |TAMS 0x00000000c1b00000| PB 0x00000000c1b00000| Untracked |  0
|    4|0x00000000c1c00000, 0x00000000c1d00000, 0x00000000c1d00000|100%| O|  |TAMS 0x00000000c1c00000| PB 0x00000000c1c00000| Untracked |  0
|    5|0x00000000c1d00000, 0x00000000c1e00000, 0x00000000c1e00000|100%| O|  |TAMS 0x00000000c1d00000| PB 0x00000000c1d00000| Untracked |  0
|    6|0x00000000c1e00000, 0x00000000c1f00000, 0x00000000c1f00000|100%| O|  |TAMS 0x00000000c1e00000| PB 0x00000000c1e00000| Untracked |  0
|    7|0x00000000c1f00000, 0x00000000c2000000, 0x00000000c2000000|100%| O|  |TAMS 0x00000000c1f00000| PB 0x00000000c1f00000| Untracked |  0
|    8|0x00000000c2000000, 0x00000000c2100000, 0x00000000c2100000|100%|HS|  |TAMS 0x00000000c2000000| PB 0x00000000c2000000| Complete  |  0
|    9|0x00000000c2100000, 0x00000000c2200000, 0x00000000c2200000|100%|HC|  |TAMS 0x00000000c2100000| PB 0x00000000c2100000| Complete  |  0
|   10|0x00000000c2200000, 0x00000000c2300000, 0x00000000c2300000|100%| O|  |TAMS 0x00000000c2200000| PB 0x00000000c2200000| Untracked |  0
|   11|0x00000000c2300000, 0x00000000c2400000, 0x00000000c2400000|100%| O|  |TAMS 0x00000000c2300000| PB 0x00000000c2300000| Untracked |  0
|   12|0x00000000c2400000, 0x00000000c2500000, 0x00000000c2500000|100%| O|  |TAMS 0x00000000c2400000| PB 0x00000000c2400000| Untracked |  0
|   13|0x00000000c2500000, 0x00000000c2600000, 0x00000000c2600000|100%| O|  |TAMS 0x00000000c2500000| PB 0x00000000c2500000| Untracked |  0
|   14|0x00000000c2600000, 0x00000000c2700000, 0x00000000c2700000|100%| O|  |TAMS 0x00000000c2600000| PB 0x00000000c2600000| Untracked |  0
|   15|0x00000000c2700000, 0x00000000c2800000, 0x00000000c2800000|100%| O|  |TAMS 0x00000000c2700000| PB 0x00000000c2700000| Untracked |  0
|   16|0x00000000c2800000, 0x00000000c2900000, 0x00000000c2900000|100%| O|  |TAMS 0x00000000c2800000| PB 0x00000000c2800000| Untracked |  0
|   17|0x00000000c2900000, 0x00000000c2a00000, 0x00000000c2a00000|100%| O|  |TAMS 0x00000000c2900000| PB 0x00000000c2900000| Untracked |  0
|   18|0x00000000c2a00000, 0x00000000c2b00000, 0x00000000c2b00000|100%| O|  |TAMS 0x00000000c2a00000| PB 0x00000000c2a00000| Untracked |  0
|   19|0x00000000c2b00000, 0x00000000c2c00000, 0x00000000c2c00000|100%| O|  |TAMS 0x00000000c2b00000| PB 0x00000000c2b00000| Untracked |  0
|   20|0x00000000c2c00000, 0x00000000c2d00000, 0x00000000c2d00000|100%| O|  |TAMS 0x00000000c2c00000| PB 0x00000000c2c00000| Untracked |  0
|   21|0x00000000c2d00000, 0x00000000c2e00000, 0x00000000c2e00000|100%| O|  |TAMS 0x00000000c2d00000| PB 0x00000000c2d00000| Untracked |  0
|   22|0x00000000c2e00000, 0x00000000c2f00000, 0x00000000c2f00000|100%| O|  |TAMS 0x00000000c2e00000| PB 0x00000000c2e00000| Untracked |  0
|   23|0x00000000c2f00000, 0x00000000c3000000, 0x00000000c3000000|100%| O|  |TAMS 0x00000000c2f00000| PB 0x00000000c2f00000| Untracked |  0
|   24|0x00000000c3000000, 0x00000000c3100000, 0x00000000c3100000|100%| O|  |TAMS 0x00000000c3000000| PB 0x00000000c3000000| Untracked |  0
|   25|0x00000000c3100000, 0x00000000c3200000, 0x00000000c3200000|100%| O|  |TAMS 0x00000000c3100000| PB 0x00000000c3100000| Untracked |  0
|   26|0x00000000c3200000, 0x00000000c3300000, 0x00000000c3300000|100%| O|  |TAMS 0x00000000c3200000| PB 0x00000000c3200000| Untracked |  0
|   27|0x00000000c3300000, 0x00000000c3400000, 0x00000000c3400000|100%| O|  |TAMS 0x00000000c3300000| PB 0x00000000c3300000| Untracked |  0
|   28|0x00000000c3400000, 0x00000000c3500000, 0x00000000c3500000|100%| O|  |TAMS 0x00000000c3400000| PB 0x00000000c3400000| Untracked |  0
|   29|0x00000000c3500000, 0x00000000c3600000, 0x00000000c3600000|100%| O|  |TAMS 0x00000000c3500000| PB 0x00000000c3500000| Untracked |  0
|   30|0x00000000c3600000, 0x00000000c3700000, 0x00000000c3700000|100%| O|  |TAMS 0x00000000c3600000| PB 0x00000000c3600000| Untracked |  0
|   31|0x00000000c3700000, 0x00000000c3800000, 0x00000000c3800000|100%| O|  |TAMS 0x00000000c3700000| PB 0x00000000c3700000| Untracked |  0
|   32|0x00000000c3800000, 0x00000000c3900000, 0x00000000c3900000|100%| O|  |TAMS 0x00000000c3800000| PB 0x00000000c3800000| Untracked |  0
|   33|0x00000000c3900000, 0x00000000c3a00000, 0x00000000c3a00000|100%| O|  |TAMS 0x00000000c3900000| PB 0x00000000c3900000| Untracked |  0
|   34|0x00000000c3a00000, 0x00000000c3b00000, 0x00000000c3b00000|100%| O|  |TAMS 0x00000000c3a00000| PB 0x00000000c3a00000| Untracked |  0
|   35|0x00000000c3b00000, 0x00000000c3c00000, 0x00000000c3c00000|100%| O|  |TAMS 0x00000000c3b00000| PB 0x00000000c3b00000| Untracked |  0
|   36|0x00000000c3c00000, 0x00000000c3d00000, 0x00000000c3d00000|100%| O|  |TAMS 0x00000000c3c00000| PB 0x00000000c3c00000| Untracked |  0
|   37|0x00000000c3d00000, 0x00000000c3e00000, 0x00000000c3e00000|100%| O|  |TAMS 0x00000000c3d00000| PB 0x00000000c3d00000| Untracked |  0
|   38|0x00000000c3e00000, 0x00000000c3f00000, 0x00000000c3f00000|100%| O|  |TAMS 0x00000000c3e00000| PB 0x00000000c3e00000| Untracked |  0
|   39|0x00000000c3f00000, 0x00000000c4000000, 0x00000000c4000000|100%| O|  |TAMS 0x00000000c3f00000| PB 0x00000000c3f00000| Untracked |  0
|   40|0x00000000c4000000, 0x00000000c4100000, 0x00000000c4100000|100%| O|  |TAMS 0x00000000c4000000| PB 0x00000000c4000000| Untracked |  0
|   41|0x00000000c4100000, 0x00000000c4200000, 0x00000000c4200000|100%| O|  |TAMS 0x00000000c4100000| PB 0x00000000c4100000| Untracked |  0
|   42|0x00000000c4200000, 0x00000000c4300000, 0x00000000c4300000|100%| O|  |TAMS 0x00000000c4200000| PB 0x00000000c4200000| Untracked |  0
|   43|0x00000000c4300000, 0x00000000c4400000, 0x00000000c4400000|100%| O|  |TAMS 0x00000000c4300000| PB 0x00000000c4300000| Untracked |  0
|   44|0x00000000c4400000, 0x00000000c4500000, 0x00000000c4500000|100%| O|  |TAMS 0x00000000c4400000| PB 0x00000000c4400000| Untracked |  0
|   45|0x00000000c4500000, 0x00000000c4600000, 0x00000000c4600000|100%| O|  |TAMS 0x00000000c4500000| PB 0x00000000c4500000| Untracked |  0
|   46|0x00000000c4600000, 0x00000000c4700000, 0x00000000c4700000|100%| O|  |TAMS 0x00000000c4600000| PB 0x00000000c4600000| Untracked |  0
|   47|0x00000000c4700000, 0x00000000c4800000, 0x00000000c4800000|100%| O|  |TAMS 0x00000000c4700000| PB 0x00000000c4700000| Untracked |  0
|   48|0x00000000c4800000, 0x00000000c4900000, 0x00000000c4900000|100%| O|  |TAMS 0x00000000c4800000| PB 0x00000000c4800000| Untracked |  0
|   49|0x00000000c4900000, 0x00000000c4a00000, 0x00000000c4a00000|100%| O|  |TAMS 0x00000000c4900000| PB 0x00000000c4900000| Untracked |  0
|   50|0x00000000c4a00000, 0x00000000c4b00000, 0x00000000c4b00000|100%| O|  |TAMS 0x00000000c4a00000| PB 0x00000000c4a00000| Untracked |  0
|   51|0x00000000c4b00000, 0x00000000c4c00000, 0x00000000c4c00000|100%| O|  |TAMS 0x00000000c4b00000| PB 0x00000000c4b00000| Untracked |  0
|   52|0x00000000c4c00000, 0x00000000c4d00000, 0x00000000c4d00000|100%| O|  |TAMS 0x00000000c4c00000| PB 0x00000000c4c00000| Untracked |  0
|   53|0x00000000c4d00000, 0x00000000c4e00000, 0x00000000c4e00000|100%| O|  |TAMS 0x00000000c4d00000| PB 0x00000000c4d00000| Untracked |  0
|   54|0x00000000c4e00000, 0x00000000c4f00000, 0x00000000c4f00000|100%| O|  |TAMS 0x00000000c4e00000| PB 0x00000000c4e00000| Untracked |  0
|   55|0x00000000c4f00000, 0x00000000c5000000, 0x00000000c5000000|100%| O|  |TAMS 0x00000000c4f00000| PB 0x00000000c4f00000| Untracked |  0
|   56|0x00000000c5000000, 0x00000000c5100000, 0x00000000c5100000|100%| O|  |TAMS 0x00000000c5000000| PB 0x00000000c5000000| Untracked |  0
|   57|0x00000000c5100000, 0x00000000c5200000, 0x00000000c5200000|100%| O|  |TAMS 0x00000000c5100000| PB 0x00000000c5100000| Untracked |  0
|   58|0x00000000c5200000, 0x00000000c5300000, 0x00000000c5300000|100%| O|  |TAMS 0x00000000c5200000| PB 0x00000000c5200000| Untracked |  0
|   59|0x00000000c5300000, 0x00000000c5400000, 0x00000000c5400000|100%| O|  |TAMS 0x00000000c5300000| PB 0x00000000c5300000| Untracked |  0
|   60|0x00000000c5400000, 0x00000000c5500000, 0x00000000c5500000|100%| O|  |TAMS 0x00000000c5400000| PB 0x00000000c5400000| Untracked |  0
|   61|0x00000000c5500000, 0x00000000c5600000, 0x00000000c5600000|100%| O|  |TAMS 0x00000000c5500000| PB 0x00000000c5500000| Untracked |  0
|   62|0x00000000c5600000, 0x00000000c5700000, 0x00000000c5700000|100%| O|  |TAMS 0x00000000c5600000| PB 0x00000000c5600000| Untracked |  0
|   63|0x00000000c5700000, 0x00000000c5800000, 0x00000000c5800000|100%| O|  |TAMS 0x00000000c5700000| PB 0x00000000c5700000| Untracked |  0
|   64|0x00000000c5800000, 0x00000000c5900000, 0x00000000c5900000|100%| O|  |TAMS 0x00000000c5800000| PB 0x00000000c5800000| Untracked |  0
|   65|0x00000000c5900000, 0x00000000c598bb00, 0x00000000c5a00000| 54%| O|  |TAMS 0x00000000c5900000| PB 0x00000000c5900000| Untracked |  0
|   66|0x00000000c5a00000, 0x00000000c5a00000, 0x00000000c5b00000|  0%| F|  |TAMS 0x00000000c5a00000| PB 0x00000000c5a00000| Untracked |  0
|   67|0x00000000c5b00000, 0x00000000c5b00000, 0x00000000c5c00000|  0%| F|  |TAMS 0x00000000c5b00000| PB 0x00000000c5b00000| Untracked |  0
|   68|0x00000000c5c00000, 0x00000000c5c00000, 0x00000000c5d00000|  0%| F|  |TAMS 0x00000000c5c00000| PB 0x00000000c5c00000| Untracked |  0
|   69|0x00000000c5d00000, 0x00000000c5d00000, 0x00000000c5e00000|  0%| F|  |TAMS 0x00000000c5d00000| PB 0x00000000c5d00000| Untracked |  0
|   70|0x00000000c5e00000, 0x00000000c5e00000, 0x00000000c5f00000|  0%| F|  |TAMS 0x00000000c5e00000| PB 0x00000000c5e00000| Untracked |  0
|   71|0x00000000c5f00000, 0x00000000c6000000, 0x00000000c6000000|100%| O|  |TAMS 0x00000000c5f00000| PB 0x00000000c5f00000| Untracked |  0
|   72|0x00000000c6000000, 0x00000000c6100000, 0x00000000c6100000|100%| O|  |TAMS 0x00000000c6000000| PB 0x00000000c6000000| Untracked |  0
|   73|0x00000000c6100000, 0x00000000c6100000, 0x00000000c6200000|  0%| F|  |TAMS 0x00000000c6100000| PB 0x00000000c6100000| Untracked |  0
|   74|0x00000000c6200000, 0x00000000c6200000, 0x00000000c6300000|  0%| F|  |TAMS 0x00000000c6200000| PB 0x00000000c6200000| Untracked |  0
|   75|0x00000000c6300000, 0x00000000c6300000, 0x00000000c6400000|  0%| F|  |TAMS 0x00000000c6300000| PB 0x00000000c6300000| Untracked |  0
|   76|0x00000000c6400000, 0x00000000c6400000, 0x00000000c6500000|  0%| F|  |TAMS 0x00000000c6400000| PB 0x00000000c6400000| Untracked |  0
|   77|0x00000000c6500000, 0x00000000c6500000, 0x00000000c6600000|  0%| F|  |TAMS 0x00000000c6500000| PB 0x00000000c6500000| Untracked |  0
|   78|0x00000000c6600000, 0x00000000c6600000, 0x00000000c6700000|  0%| F|  |TAMS 0x00000000c6600000| PB 0x00000000c6600000| Untracked |  0
|   79|0x00000000c6700000, 0x00000000c6700000, 0x00000000c6800000|  0%| F|  |TAMS 0x00000000c6700000| PB 0x00000000c6700000| Untracked |  0
|   80|0x00000000c6800000, 0x00000000c6800000, 0x00000000c6900000|  0%| F|  |TAMS 0x00000000c6800000| PB 0x00000000c6800000| Untracked |  0
|   81|0x00000000c6900000, 0x00000000c6900000, 0x00000000c6a00000|  0%| F|  |TAMS 0x00000000c6900000| PB 0x00000000c6900000| Untracked |  0
|   82|0x00000000c6a00000, 0x00000000c6a00000, 0x00000000c6b00000|  0%| F|  |TAMS 0x00000000c6a00000| PB 0x00000000c6a00000| Untracked |  0
|   83|0x00000000c6b00000, 0x00000000c6b00000, 0x00000000c6c00000|  0%| F|  |TAMS 0x00000000c6b00000| PB 0x00000000c6b00000| Untracked |  0
|   84|0x00000000c6c00000, 0x00000000c6c00000, 0x00000000c6d00000|  0%| F|  |TAMS 0x00000000c6c00000| PB 0x00000000c6c00000| Untracked |  0
|   85|0x00000000c6d00000, 0x00000000c6d00000, 0x00000000c6e00000|  0%| F|  |TAMS 0x00000000c6d00000| PB 0x00000000c6d00000| Untracked |  0
|   86|0x00000000c6e00000, 0x00000000c6e00000, 0x00000000c6f00000|  0%| F|  |TAMS 0x00000000c6e00000| PB 0x00000000c6e00000| Untracked |  0
|   87|0x00000000c6f00000, 0x00000000c6f00000, 0x00000000c7000000|  0%| F|  |TAMS 0x00000000c6f00000| PB 0x00000000c6f00000| Untracked |  0
|   88|0x00000000c7000000, 0x00000000c7000000, 0x00000000c7100000|  0%| F|  |TAMS 0x00000000c7000000| PB 0x00000000c7000000| Untracked |  0
|   89|0x00000000c7100000, 0x00000000c7100000, 0x00000000c7200000|  0%| F|  |TAMS 0x00000000c7100000| PB 0x00000000c7100000| Untracked |  0
|   90|0x00000000c7200000, 0x00000000c7200000, 0x00000000c7300000|  0%| F|  |TAMS 0x00000000c7200000| PB 0x00000000c7200000| Untracked |  0
|   91|0x00000000c7300000, 0x00000000c7300000, 0x00000000c7400000|  0%| F|  |TAMS 0x00000000c7300000| PB 0x00000000c7300000| Untracked |  0
|   92|0x00000000c7400000, 0x00000000c7400000, 0x00000000c7500000|  0%| F|  |TAMS 0x00000000c7400000| PB 0x00000000c7400000| Untracked |  0
|   93|0x00000000c7500000, 0x00000000c7500000, 0x00000000c7600000|  0%| F|  |TAMS 0x00000000c7500000| PB 0x00000000c7500000| Untracked |  0
|   94|0x00000000c7600000, 0x00000000c7600000, 0x00000000c7700000|  0%| F|  |TAMS 0x00000000c7600000| PB 0x00000000c7600000| Untracked |  0
|   95|0x00000000c7700000, 0x00000000c7700000, 0x00000000c7800000|  0%| F|  |TAMS 0x00000000c7700000| PB 0x00000000c7700000| Untracked |  0
|   96|0x00000000c7800000, 0x00000000c7800000, 0x00000000c7900000|  0%| F|  |TAMS 0x00000000c7800000| PB 0x00000000c7800000| Untracked |  0
|   97|0x00000000c7900000, 0x00000000c7900000, 0x00000000c7a00000|  0%| F|  |TAMS 0x00000000c7900000| PB 0x00000000c7900000| Untracked |  0
|   98|0x00000000c7a00000, 0x00000000c7a00000, 0x00000000c7b00000|  0%| F|  |TAMS 0x00000000c7a00000| PB 0x00000000c7a00000| Untracked |  0
|   99|0x00000000c7b00000, 0x00000000c7b00000, 0x00000000c7c00000|  0%| F|  |TAMS 0x00000000c7b00000| PB 0x00000000c7b00000| Untracked |  0
|  100|0x00000000c7c00000, 0x00000000c7c00000, 0x00000000c7d00000|  0%| F|  |TAMS 0x00000000c7c00000| PB 0x00000000c7c00000| Untracked |  0
|  101|0x00000000c7d00000, 0x00000000c7d00000, 0x00000000c7e00000|  0%| F|  |TAMS 0x00000000c7d00000| PB 0x00000000c7d00000| Untracked |  0
|  102|0x00000000c7e00000, 0x00000000c7e00000, 0x00000000c7f00000|  0%| F|  |TAMS 0x00000000c7e00000| PB 0x00000000c7e00000| Untracked |  0
|  103|0x00000000c7f00000, 0x00000000c7f00000, 0x00000000c8000000|  0%| F|  |TAMS 0x00000000c7f00000| PB 0x00000000c7f00000| Untracked |  0
|  104|0x00000000c8000000, 0x00000000c8000000, 0x00000000c8100000|  0%| F|  |TAMS 0x00000000c8000000| PB 0x00000000c8000000| Untracked |  0
|  105|0x00000000c8100000, 0x00000000c8100000, 0x00000000c8200000|  0%| F|  |TAMS 0x00000000c8100000| PB 0x00000000c8100000| Untracked |  0
|  106|0x00000000c8200000, 0x00000000c8200000, 0x00000000c8300000|  0%| F|  |TAMS 0x00000000c8200000| PB 0x00000000c8200000| Untracked |  0
|  107|0x00000000c8300000, 0x00000000c8300000, 0x00000000c8400000|  0%| F|  |TAMS 0x00000000c8300000| PB 0x00000000c8300000| Untracked |  0
|  108|0x00000000c8400000, 0x00000000c8400000, 0x00000000c8500000|  0%| F|  |TAMS 0x00000000c8400000| PB 0x00000000c8400000| Untracked |  0
|  109|0x00000000c8500000, 0x00000000c8500000, 0x00000000c8600000|  0%| F|  |TAMS 0x00000000c8500000| PB 0x00000000c8500000| Untracked |  0
|  110|0x00000000c8600000, 0x00000000c8600000, 0x00000000c8700000|  0%| F|  |TAMS 0x00000000c8600000| PB 0x00000000c8600000| Untracked |  0
|  111|0x00000000c8700000, 0x00000000c8700000, 0x00000000c8800000|  0%| F|  |TAMS 0x00000000c8700000| PB 0x00000000c8700000| Untracked |  0
|  112|0x00000000c8800000, 0x00000000c8800000, 0x00000000c8900000|  0%| F|  |TAMS 0x00000000c8800000| PB 0x00000000c8800000| Untracked |  0
|  113|0x00000000c8900000, 0x00000000c8900000, 0x00000000c8a00000|  0%| F|  |TAMS 0x00000000c8900000| PB 0x00000000c8900000| Untracked |  0
|  114|0x00000000c8a00000, 0x00000000c8a00000, 0x00000000c8b00000|  0%| F|  |TAMS 0x00000000c8a00000| PB 0x00000000c8a00000| Untracked |  0
|  115|0x00000000c8b00000, 0x00000000c8b00000, 0x00000000c8c00000|  0%| F|  |TAMS 0x00000000c8b00000| PB 0x00000000c8b00000| Untracked |  0
|  116|0x00000000c8c00000, 0x00000000c8c00000, 0x00000000c8d00000|  0%| F|  |TAMS 0x00000000c8c00000| PB 0x00000000c8c00000| Untracked |  0
|  117|0x00000000c8d00000, 0x00000000c8d00000, 0x00000000c8e00000|  0%| F|  |TAMS 0x00000000c8d00000| PB 0x00000000c8d00000| Untracked |  0
|  118|0x00000000c8e00000, 0x00000000c8e00000, 0x00000000c8f00000|  0%| F|  |TAMS 0x00000000c8e00000| PB 0x00000000c8e00000| Untracked |  0
|  119|0x00000000c8f00000, 0x00000000c8f00000, 0x00000000c9000000|  0%| F|  |TAMS 0x00000000c8f00000| PB 0x00000000c8f00000| Untracked |  0
|  120|0x00000000c9000000, 0x00000000c9000000, 0x00000000c9100000|  0%| F|  |TAMS 0x00000000c9000000| PB 0x00000000c9000000| Untracked |  0
|  121|0x00000000c9100000, 0x00000000c9100000, 0x00000000c9200000|  0%| F|  |TAMS 0x00000000c9100000| PB 0x00000000c9100000| Untracked |  0
|  122|0x00000000c9200000, 0x00000000c9200000, 0x00000000c9300000|  0%| F|  |TAMS 0x00000000c9200000| PB 0x00000000c9200000| Untracked |  0
|  123|0x00000000c9300000, 0x00000000c9300000, 0x00000000c9400000|  0%| F|  |TAMS 0x00000000c9300000| PB 0x00000000c9300000| Untracked |  0
|  124|0x00000000c9400000, 0x00000000c9400000, 0x00000000c9500000|  0%| F|  |TAMS 0x00000000c9400000| PB 0x00000000c9400000| Untracked |  0
|  125|0x00000000c9500000, 0x00000000c9500000, 0x00000000c9600000|  0%| F|  |TAMS 0x00000000c9500000| PB 0x00000000c9500000| Untracked |  0
|  126|0x00000000c9600000, 0x00000000c9600000, 0x00000000c9700000|  0%| F|  |TAMS 0x00000000c9600000| PB 0x00000000c9600000| Untracked |  0
|  127|0x00000000c9700000, 0x00000000c9700000, 0x00000000c9800000|  0%| F|  |TAMS 0x00000000c9700000| PB 0x00000000c9700000| Untracked |  0
|  128|0x00000000c9800000, 0x00000000c9800000, 0x00000000c9900000|  0%| F|  |TAMS 0x00000000c9800000| PB 0x00000000c9800000| Untracked |  0
|  129|0x00000000c9900000, 0x00000000c9900000, 0x00000000c9a00000|  0%| F|  |TAMS 0x00000000c9900000| PB 0x00000000c9900000| Untracked |  0
|  130|0x00000000c9a00000, 0x00000000c9a00000, 0x00000000c9b00000|  0%| F|  |TAMS 0x00000000c9a00000| PB 0x00000000c9a00000| Untracked |  0
|  131|0x00000000c9b00000, 0x00000000c9b00000, 0x00000000c9c00000|  0%| F|  |TAMS 0x00000000c9b00000| PB 0x00000000c9b00000| Untracked |  0
|  132|0x00000000c9c00000, 0x00000000c9c00000, 0x00000000c9d00000|  0%| F|  |TAMS 0x00000000c9c00000| PB 0x00000000c9c00000| Untracked |  0
|  133|0x00000000c9d00000, 0x00000000c9d00000, 0x00000000c9e00000|  0%| F|  |TAMS 0x00000000c9d00000| PB 0x00000000c9d00000| Untracked |  0
|  134|0x00000000c9e00000, 0x00000000c9e00000, 0x00000000c9f00000|  0%| F|  |TAMS 0x00000000c9e00000| PB 0x00000000c9e00000| Untracked |  0
|  135|0x00000000c9f00000, 0x00000000c9f00000, 0x00000000ca000000|  0%| F|  |TAMS 0x00000000c9f00000| PB 0x00000000c9f00000| Untracked |  0
|  136|0x00000000ca000000, 0x00000000ca000000, 0x00000000ca100000|  0%| F|  |TAMS 0x00000000ca000000| PB 0x00000000ca000000| Untracked |  0
|  137|0x00000000ca100000, 0x00000000ca100000, 0x00000000ca200000|  0%| F|  |TAMS 0x00000000ca100000| PB 0x00000000ca100000| Untracked |  0
|  138|0x00000000ca200000, 0x00000000ca200000, 0x00000000ca300000|  0%| F|  |TAMS 0x00000000ca200000| PB 0x00000000ca200000| Untracked |  0
|  139|0x00000000ca300000, 0x00000000ca300000, 0x00000000ca400000|  0%| F|  |TAMS 0x00000000ca300000| PB 0x00000000ca300000| Untracked |  0
|  140|0x00000000ca400000, 0x00000000ca400000, 0x00000000ca500000|  0%| F|  |TAMS 0x00000000ca400000| PB 0x00000000ca400000| Untracked |  0
|  141|0x00000000ca500000, 0x00000000ca500000, 0x00000000ca600000|  0%| F|  |TAMS 0x00000000ca500000| PB 0x00000000ca500000| Untracked |  0
|  142|0x00000000ca600000, 0x00000000ca600000, 0x00000000ca700000|  0%| F|  |TAMS 0x00000000ca600000| PB 0x00000000ca600000| Untracked |  0
|  143|0x00000000ca700000, 0x00000000ca700000, 0x00000000ca800000|  0%| F|  |TAMS 0x00000000ca700000| PB 0x00000000ca700000| Untracked |  0
|  144|0x00000000ca800000, 0x00000000ca800000, 0x00000000ca900000|  0%| F|  |TAMS 0x00000000ca800000| PB 0x00000000ca800000| Untracked |  0
|  145|0x00000000ca900000, 0x00000000ca900000, 0x00000000caa00000|  0%| F|  |TAMS 0x00000000ca900000| PB 0x00000000ca900000| Untracked |  0
|  146|0x00000000caa00000, 0x00000000caa00000, 0x00000000cab00000|  0%| F|  |TAMS 0x00000000caa00000| PB 0x00000000caa00000| Untracked |  0
|  147|0x00000000cab00000, 0x00000000cab00000, 0x00000000cac00000|  0%| F|  |TAMS 0x00000000cab00000| PB 0x00000000cab00000| Untracked |  0
|  148|0x00000000cac00000, 0x00000000cac00000, 0x00000000cad00000|  0%| F|  |TAMS 0x00000000cac00000| PB 0x00000000cac00000| Untracked |  0
|  149|0x00000000cad00000, 0x00000000cad00000, 0x00000000cae00000|  0%| F|  |TAMS 0x00000000cad00000| PB 0x00000000cad00000| Untracked |  0
|  150|0x00000000cae00000, 0x00000000cae00000, 0x00000000caf00000|  0%| F|  |TAMS 0x00000000cae00000| PB 0x00000000cae00000| Untracked |  0
|  151|0x00000000caf00000, 0x00000000caf00000, 0x00000000cb000000|  0%| F|  |TAMS 0x00000000caf00000| PB 0x00000000caf00000| Untracked |  0
|  152|0x00000000cb000000, 0x00000000cb000000, 0x00000000cb100000|  0%| F|  |TAMS 0x00000000cb000000| PB 0x00000000cb000000| Untracked |  0
|  153|0x00000000cb100000, 0x00000000cb100000, 0x00000000cb200000|  0%| F|  |TAMS 0x00000000cb100000| PB 0x00000000cb100000| Untracked |  0
|  154|0x00000000cb200000, 0x00000000cb200000, 0x00000000cb300000|  0%| F|  |TAMS 0x00000000cb200000| PB 0x00000000cb200000| Untracked |  0
|  155|0x00000000cb300000, 0x00000000cb300000, 0x00000000cb400000|  0%| F|  |TAMS 0x00000000cb300000| PB 0x00000000cb300000| Untracked |  0
|  156|0x00000000cb400000, 0x00000000cb400000, 0x00000000cb500000|  0%| F|  |TAMS 0x00000000cb400000| PB 0x00000000cb400000| Untracked |  0
|  157|0x00000000cb500000, 0x00000000cb500000, 0x00000000cb600000|  0%| F|  |TAMS 0x00000000cb500000| PB 0x00000000cb500000| Untracked |  0
|  158|0x00000000cb600000, 0x00000000cb600000, 0x00000000cb700000|  0%| F|  |TAMS 0x00000000cb600000| PB 0x00000000cb600000| Untracked |  0
|  159|0x00000000cb700000, 0x00000000cb700000, 0x00000000cb800000|  0%| F|  |TAMS 0x00000000cb700000| PB 0x00000000cb700000| Untracked |  0
|  160|0x00000000cb800000, 0x00000000cb800000, 0x00000000cb900000|  0%| F|  |TAMS 0x00000000cb800000| PB 0x00000000cb800000| Untracked |  0
|  161|0x00000000cb900000, 0x00000000cb900000, 0x00000000cba00000|  0%| F|  |TAMS 0x00000000cb900000| PB 0x00000000cb900000| Untracked |  0
|  162|0x00000000cba00000, 0x00000000cba00000, 0x00000000cbb00000|  0%| F|  |TAMS 0x00000000cba00000| PB 0x00000000cba00000| Untracked |  0
|  163|0x00000000cbb00000, 0x00000000cbb00000, 0x00000000cbc00000|  0%| F|  |TAMS 0x00000000cbb00000| PB 0x00000000cbb00000| Untracked |  0
|  164|0x00000000cbc00000, 0x00000000cbc00000, 0x00000000cbd00000|  0%| F|  |TAMS 0x00000000cbc00000| PB 0x00000000cbc00000| Untracked |  0
|  165|0x00000000cbd00000, 0x00000000cbd00000, 0x00000000cbe00000|  0%| F|  |TAMS 0x00000000cbd00000| PB 0x00000000cbd00000| Untracked |  0
|  166|0x00000000cbe00000, 0x00000000cbe00000, 0x00000000cbf00000|  0%| F|  |TAMS 0x00000000cbe00000| PB 0x00000000cbe00000| Untracked |  0
|  167|0x00000000cbf00000, 0x00000000cbf00000, 0x00000000cc000000|  0%| F|  |TAMS 0x00000000cbf00000| PB 0x00000000cbf00000| Untracked |  0
|  168|0x00000000cc000000, 0x00000000cc000000, 0x00000000cc100000|  0%| F|  |TAMS 0x00000000cc000000| PB 0x00000000cc000000| Untracked |  0
|  169|0x00000000cc100000, 0x00000000cc100000, 0x00000000cc200000|  0%| F|  |TAMS 0x00000000cc100000| PB 0x00000000cc100000| Untracked |  0
|  170|0x00000000cc200000, 0x00000000cc200000, 0x00000000cc300000|  0%| F|  |TAMS 0x00000000cc200000| PB 0x00000000cc200000| Untracked |  0
|  171|0x00000000cc300000, 0x00000000cc300000, 0x00000000cc400000|  0%| F|  |TAMS 0x00000000cc300000| PB 0x00000000cc300000| Untracked |  0
|  172|0x00000000cc400000, 0x00000000cc400000, 0x00000000cc500000|  0%| F|  |TAMS 0x00000000cc400000| PB 0x00000000cc400000| Untracked |  0
|  173|0x00000000cc500000, 0x00000000cc500000, 0x00000000cc600000|  0%| F|  |TAMS 0x00000000cc500000| PB 0x00000000cc500000| Untracked |  0
|  174|0x00000000cc600000, 0x00000000cc600000, 0x00000000cc700000|  0%| F|  |TAMS 0x00000000cc600000| PB 0x00000000cc600000| Untracked |  0
|  175|0x00000000cc700000, 0x00000000cc700000, 0x00000000cc800000|  0%| F|  |TAMS 0x00000000cc700000| PB 0x00000000cc700000| Untracked |  0
|  176|0x00000000cc800000, 0x00000000cc800000, 0x00000000cc900000|  0%| F|  |TAMS 0x00000000cc800000| PB 0x00000000cc800000| Untracked |  0
|  177|0x00000000cc900000, 0x00000000cc900000, 0x00000000cca00000|  0%| F|  |TAMS 0x00000000cc900000| PB 0x00000000cc900000| Untracked |  0
|  178|0x00000000cca00000, 0x00000000cca00000, 0x00000000ccb00000|  0%| F|  |TAMS 0x00000000cca00000| PB 0x00000000cca00000| Untracked |  0
|  179|0x00000000ccb00000, 0x00000000ccb00000, 0x00000000ccc00000|  0%| F|  |TAMS 0x00000000ccb00000| PB 0x00000000ccb00000| Untracked |  0
|  180|0x00000000ccc00000, 0x00000000ccc00000, 0x00000000ccd00000|  0%| F|  |TAMS 0x00000000ccc00000| PB 0x00000000ccc00000| Untracked |  0
|  181|0x00000000ccd00000, 0x00000000ccd00000, 0x00000000cce00000|  0%| F|  |TAMS 0x00000000ccd00000| PB 0x00000000ccd00000| Untracked |  0
|  182|0x00000000cce00000, 0x00000000cce00000, 0x00000000ccf00000|  0%| F|  |TAMS 0x00000000cce00000| PB 0x00000000cce00000| Untracked |  0
|  183|0x00000000ccf00000, 0x00000000ccf00000, 0x00000000cd000000|  0%| F|  |TAMS 0x00000000ccf00000| PB 0x00000000ccf00000| Untracked |  0
|  184|0x00000000cd000000, 0x00000000cd000000, 0x00000000cd100000|  0%| F|  |TAMS 0x00000000cd000000| PB 0x00000000cd000000| Untracked |  0
|  185|0x00000000cd100000, 0x00000000cd100000, 0x00000000cd200000|  0%| F|  |TAMS 0x00000000cd100000| PB 0x00000000cd100000| Untracked |  0
|  186|0x00000000cd200000, 0x00000000cd200000, 0x00000000cd300000|  0%| F|  |TAMS 0x00000000cd200000| PB 0x00000000cd200000| Untracked |  0
|  187|0x00000000cd300000, 0x00000000cd300000, 0x00000000cd400000|  0%| F|  |TAMS 0x00000000cd300000| PB 0x00000000cd300000| Untracked |  0
|  188|0x00000000cd400000, 0x00000000cd400000, 0x00000000cd500000|  0%| F|  |TAMS 0x00000000cd400000| PB 0x00000000cd400000| Untracked |  0
|  189|0x00000000cd500000, 0x00000000cd500000, 0x00000000cd600000|  0%| F|  |TAMS 0x00000000cd500000| PB 0x00000000cd500000| Untracked |  0
|  190|0x00000000cd600000, 0x00000000cd600000, 0x00000000cd700000|  0%| F|  |TAMS 0x00000000cd600000| PB 0x00000000cd600000| Untracked |  0
|  191|0x00000000cd700000, 0x00000000cd700000, 0x00000000cd800000|  0%| F|  |TAMS 0x00000000cd700000| PB 0x00000000cd700000| Untracked |  0
|  192|0x00000000cd800000, 0x00000000cd800000, 0x00000000cd900000|  0%| F|  |TAMS 0x00000000cd800000| PB 0x00000000cd800000| Untracked |  0
|  193|0x00000000cd900000, 0x00000000cd900000, 0x00000000cda00000|  0%| F|  |TAMS 0x00000000cd900000| PB 0x00000000cd900000| Untracked |  0
|  194|0x00000000cda00000, 0x00000000cda00000, 0x00000000cdb00000|  0%| F|  |TAMS 0x00000000cda00000| PB 0x00000000cda00000| Untracked |  0
|  195|0x00000000cdb00000, 0x00000000cdb00000, 0x00000000cdc00000|  0%| F|  |TAMS 0x00000000cdb00000| PB 0x00000000cdb00000| Untracked |  0
|  196|0x00000000cdc00000, 0x00000000cdc00000, 0x00000000cdd00000|  0%| F|  |TAMS 0x00000000cdc00000| PB 0x00000000cdc00000| Untracked |  0
|  197|0x00000000cdd00000, 0x00000000cdd00000, 0x00000000cde00000|  0%| F|  |TAMS 0x00000000cdd00000| PB 0x00000000cdd00000| Untracked |  0
|  198|0x00000000cde00000, 0x00000000cde00000, 0x00000000cdf00000|  0%| F|  |TAMS 0x00000000cde00000| PB 0x00000000cde00000| Untracked |  0
|  199|0x00000000cdf00000, 0x00000000cdf00000, 0x00000000ce000000|  0%| F|  |TAMS 0x00000000cdf00000| PB 0x00000000cdf00000| Untracked |  0
|  200|0x00000000ce000000, 0x00000000ce000000, 0x00000000ce100000|  0%| F|  |TAMS 0x00000000ce000000| PB 0x00000000ce000000| Untracked |  0
|  201|0x00000000ce100000, 0x00000000ce100000, 0x00000000ce200000|  0%| F|  |TAMS 0x00000000ce100000| PB 0x00000000ce100000| Untracked |  0
|  202|0x00000000ce200000, 0x00000000ce200000, 0x00000000ce300000|  0%| F|  |TAMS 0x00000000ce200000| PB 0x00000000ce200000| Untracked |  0
|  203|0x00000000ce300000, 0x00000000ce300000, 0x00000000ce400000|  0%| F|  |TAMS 0x00000000ce300000| PB 0x00000000ce300000| Untracked |  0
|  204|0x00000000ce400000, 0x00000000ce400000, 0x00000000ce500000|  0%| F|  |TAMS 0x00000000ce400000| PB 0x00000000ce400000| Untracked |  0
|  205|0x00000000ce500000, 0x00000000ce500000, 0x00000000ce600000|  0%| F|  |TAMS 0x00000000ce500000| PB 0x00000000ce500000| Untracked |  0
|  206|0x00000000ce600000, 0x00000000ce600000, 0x00000000ce700000|  0%| F|  |TAMS 0x00000000ce600000| PB 0x00000000ce600000| Untracked |  0
|  207|0x00000000ce700000, 0x00000000ce700000, 0x00000000ce800000|  0%| F|  |TAMS 0x00000000ce700000| PB 0x00000000ce700000| Untracked |  0
|  208|0x00000000ce800000, 0x00000000ce800000, 0x00000000ce900000|  0%| F|  |TAMS 0x00000000ce800000| PB 0x00000000ce800000| Untracked |  0
|  209|0x00000000ce900000, 0x00000000ce900000, 0x00000000cea00000|  0%| F|  |TAMS 0x00000000ce900000| PB 0x00000000ce900000| Untracked |  0
|  210|0x00000000cea00000, 0x00000000cea00000, 0x00000000ceb00000|  0%| F|  |TAMS 0x00000000cea00000| PB 0x00000000cea00000| Untracked |  0
|  211|0x00000000ceb00000, 0x00000000ceb00000, 0x00000000cec00000|  0%| F|  |TAMS 0x00000000ceb00000| PB 0x00000000ceb00000| Untracked |  0
|  212|0x00000000cec00000, 0x00000000cec00000, 0x00000000ced00000|  0%| F|  |TAMS 0x00000000cec00000| PB 0x00000000cec00000| Untracked |  0
|  213|0x00000000ced00000, 0x00000000ced00000, 0x00000000cee00000|  0%| F|  |TAMS 0x00000000ced00000| PB 0x00000000ced00000| Untracked |  0
|  214|0x00000000cee00000, 0x00000000cee00000, 0x00000000cef00000|  0%| F|  |TAMS 0x00000000cee00000| PB 0x00000000cee00000| Untracked |  0
|  215|0x00000000cef00000, 0x00000000cef00000, 0x00000000cf000000|  0%| F|  |TAMS 0x00000000cef00000| PB 0x00000000cef00000| Untracked |  0
|  216|0x00000000cf000000, 0x00000000cf000000, 0x00000000cf100000|  0%| F|  |TAMS 0x00000000cf000000| PB 0x00000000cf000000| Untracked |  0
|  217|0x00000000cf100000, 0x00000000cf100000, 0x00000000cf200000|  0%| F|  |TAMS 0x00000000cf100000| PB 0x00000000cf100000| Untracked |  0
|  218|0x00000000cf200000, 0x00000000cf200000, 0x00000000cf300000|  0%| F|  |TAMS 0x00000000cf200000| PB 0x00000000cf200000| Untracked |  0
|  219|0x00000000cf300000, 0x00000000cf300000, 0x00000000cf400000|  0%| F|  |TAMS 0x00000000cf300000| PB 0x00000000cf300000| Untracked |  0
|  220|0x00000000cf400000, 0x00000000cf400000, 0x00000000cf500000|  0%| F|  |TAMS 0x00000000cf400000| PB 0x00000000cf400000| Untracked |  0
|  221|0x00000000cf500000, 0x00000000cf500000, 0x00000000cf600000|  0%| F|  |TAMS 0x00000000cf500000| PB 0x00000000cf500000| Untracked |  0
|  222|0x00000000cf600000, 0x00000000cf600000, 0x00000000cf700000|  0%| F|  |TAMS 0x00000000cf600000| PB 0x00000000cf600000| Untracked |  0
|  223|0x00000000cf700000, 0x00000000cf700000, 0x00000000cf800000|  0%| F|  |TAMS 0x00000000cf700000| PB 0x00000000cf700000| Untracked |  0
|  224|0x00000000cf800000, 0x00000000cf800000, 0x00000000cf900000|  0%| F|  |TAMS 0x00000000cf800000| PB 0x00000000cf800000| Untracked |  0
|  225|0x00000000cf900000, 0x00000000cf900000, 0x00000000cfa00000|  0%| F|  |TAMS 0x00000000cf900000| PB 0x00000000cf900000| Untracked |  0
|  226|0x00000000cfa00000, 0x00000000cfa00000, 0x00000000cfb00000|  0%| F|  |TAMS 0x00000000cfa00000| PB 0x00000000cfa00000| Untracked |  0
|  227|0x00000000cfb00000, 0x00000000cfb00000, 0x00000000cfc00000|  0%| F|  |TAMS 0x00000000cfb00000| PB 0x00000000cfb00000| Untracked |  0
|  228|0x00000000cfc00000, 0x00000000cfc00000, 0x00000000cfd00000|  0%| F|  |TAMS 0x00000000cfc00000| PB 0x00000000cfc00000| Untracked |  0
|  229|0x00000000cfd00000, 0x00000000cfd00000, 0x00000000cfe00000|  0%| F|  |TAMS 0x00000000cfd00000| PB 0x00000000cfd00000| Untracked |  0
|  230|0x00000000cfe00000, 0x00000000cfe00000, 0x00000000cff00000|  0%| F|  |TAMS 0x00000000cfe00000| PB 0x00000000cfe00000| Untracked |  0
|  231|0x00000000cff00000, 0x00000000cff00000, 0x00000000d0000000|  0%| F|  |TAMS 0x00000000cff00000| PB 0x00000000cff00000| Untracked |  0
|  232|0x00000000d0000000, 0x00000000d0000000, 0x00000000d0100000|  0%| F|  |TAMS 0x00000000d0000000| PB 0x00000000d0000000| Untracked |  0
|  233|0x00000000d0100000, 0x00000000d0100000, 0x00000000d0200000|  0%| F|  |TAMS 0x00000000d0100000| PB 0x00000000d0100000| Untracked |  0
|  234|0x00000000d0200000, 0x00000000d0200000, 0x00000000d0300000|  0%| F|  |TAMS 0x00000000d0200000| PB 0x00000000d0200000| Untracked |  0
|  235|0x00000000d0300000, 0x00000000d0300000, 0x00000000d0400000|  0%| F|  |TAMS 0x00000000d0300000| PB 0x00000000d0300000| Untracked |  0
|  236|0x00000000d0400000, 0x00000000d0400000, 0x00000000d0500000|  0%| F|  |TAMS 0x00000000d0400000| PB 0x00000000d0400000| Untracked |  0
|  237|0x00000000d0500000, 0x00000000d0500000, 0x00000000d0600000|  0%| F|  |TAMS 0x00000000d0500000| PB 0x00000000d0500000| Untracked |  0
|  238|0x00000000d0600000, 0x00000000d0600000, 0x00000000d0700000|  0%| F|  |TAMS 0x00000000d0600000| PB 0x00000000d0600000| Untracked |  0
|  239|0x00000000d0700000, 0x00000000d0700000, 0x00000000d0800000|  0%| F|  |TAMS 0x00000000d0700000| PB 0x00000000d0700000| Untracked |  0
|  240|0x00000000d0800000, 0x00000000d0800000, 0x00000000d0900000|  0%| F|  |TAMS 0x00000000d0800000| PB 0x00000000d0800000| Untracked |  0
|  241|0x00000000d0900000, 0x00000000d0900000, 0x00000000d0a00000|  0%| F|  |TAMS 0x00000000d0900000| PB 0x00000000d0900000| Untracked |  0
|  242|0x00000000d0a00000, 0x00000000d0a00000, 0x00000000d0b00000|  0%| F|  |TAMS 0x00000000d0a00000| PB 0x00000000d0a00000| Untracked |  0
|  243|0x00000000d0b00000, 0x00000000d0b00000, 0x00000000d0c00000|  0%| F|  |TAMS 0x00000000d0b00000| PB 0x00000000d0b00000| Untracked |  0
|  244|0x00000000d0c00000, 0x00000000d0c00000, 0x00000000d0d00000|  0%| F|  |TAMS 0x00000000d0c00000| PB 0x00000000d0c00000| Untracked |  0
|  245|0x00000000d0d00000, 0x00000000d0d00000, 0x00000000d0e00000|  0%| F|  |TAMS 0x00000000d0d00000| PB 0x00000000d0d00000| Untracked |  0
|  246|0x00000000d0e00000, 0x00000000d0e00000, 0x00000000d0f00000|  0%| F|  |TAMS 0x00000000d0e00000| PB 0x00000000d0e00000| Untracked |  0
|  247|0x00000000d0f00000, 0x00000000d0f00000, 0x00000000d1000000|  0%| F|  |TAMS 0x00000000d0f00000| PB 0x00000000d0f00000| Untracked |  0
|  248|0x00000000d1000000, 0x00000000d1000000, 0x00000000d1100000|  0%| F|  |TAMS 0x00000000d1000000| PB 0x00000000d1000000| Untracked |  0
|  249|0x00000000d1100000, 0x00000000d1100000, 0x00000000d1200000|  0%| F|  |TAMS 0x00000000d1100000| PB 0x00000000d1100000| Untracked |  0
|  250|0x00000000d1200000, 0x00000000d1200000, 0x00000000d1300000|  0%| F|  |TAMS 0x00000000d1200000| PB 0x00000000d1200000| Untracked |  0
|  251|0x00000000d1300000, 0x00000000d1300000, 0x00000000d1400000|  0%| F|  |TAMS 0x00000000d1300000| PB 0x00000000d1300000| Untracked |  0
|  252|0x00000000d1400000, 0x00000000d1400000, 0x00000000d1500000|  0%| F|  |TAMS 0x00000000d1400000| PB 0x00000000d1400000| Untracked |  0
|  253|0x00000000d1500000, 0x00000000d1500000, 0x00000000d1600000|  0%| F|  |TAMS 0x00000000d1500000| PB 0x00000000d1500000| Untracked |  0
|  254|0x00000000d1600000, 0x00000000d1600000, 0x00000000d1700000|  0%| F|  |TAMS 0x00000000d1600000| PB 0x00000000d1600000| Untracked |  0
|  255|0x00000000d1700000, 0x00000000d1700000, 0x00000000d1800000|  0%| F|  |TAMS 0x00000000d1700000| PB 0x00000000d1700000| Untracked |  0
|  256|0x00000000d1800000, 0x00000000d1800000, 0x00000000d1900000|  0%| F|  |TAMS 0x00000000d1800000| PB 0x00000000d1800000| Untracked |  0
|  257|0x00000000d1900000, 0x00000000d1900000, 0x00000000d1a00000|  0%| F|  |TAMS 0x00000000d1900000| PB 0x00000000d1900000| Untracked |  0
|  258|0x00000000d1a00000, 0x00000000d1a00000, 0x00000000d1b00000|  0%| F|  |TAMS 0x00000000d1a00000| PB 0x00000000d1a00000| Untracked |  0
|  259|0x00000000d1b00000, 0x00000000d1b00000, 0x00000000d1c00000|  0%| F|  |TAMS 0x00000000d1b00000| PB 0x00000000d1b00000| Untracked |  0
|  260|0x00000000d1c00000, 0x00000000d1c00000, 0x00000000d1d00000|  0%| F|  |TAMS 0x00000000d1c00000| PB 0x00000000d1c00000| Untracked |  0
|  261|0x00000000d1d00000, 0x00000000d1d00000, 0x00000000d1e00000|  0%| F|  |TAMS 0x00000000d1d00000| PB 0x00000000d1d00000| Untracked |  0
|  262|0x00000000d1e00000, 0x00000000d1e00000, 0x00000000d1f00000|  0%| F|  |TAMS 0x00000000d1e00000| PB 0x00000000d1e00000| Untracked |  0
|  263|0x00000000d1f00000, 0x00000000d1f00000, 0x00000000d2000000|  0%| F|  |TAMS 0x00000000d1f00000| PB 0x00000000d1f00000| Untracked |  0
|  264|0x00000000d2000000, 0x00000000d2000000, 0x00000000d2100000|  0%| F|  |TAMS 0x00000000d2000000| PB 0x00000000d2000000| Untracked |  0
|  265|0x00000000d2100000, 0x00000000d2100000, 0x00000000d2200000|  0%| F|  |TAMS 0x00000000d2100000| PB 0x00000000d2100000| Untracked |  0
|  266|0x00000000d2200000, 0x00000000d2200000, 0x00000000d2300000|  0%| F|  |TAMS 0x00000000d2200000| PB 0x00000000d2200000| Untracked |  0
|  267|0x00000000d2300000, 0x00000000d2300000, 0x00000000d2400000|  0%| F|  |TAMS 0x00000000d2300000| PB 0x00000000d2300000| Untracked |  0
|  268|0x00000000d2400000, 0x00000000d2400000, 0x00000000d2500000|  0%| F|  |TAMS 0x00000000d2400000| PB 0x00000000d2400000| Untracked |  0
|  269|0x00000000d2500000, 0x00000000d2500000, 0x00000000d2600000|  0%| F|  |TAMS 0x00000000d2500000| PB 0x00000000d2500000| Untracked |  0
|  270|0x00000000d2600000, 0x00000000d2600000, 0x00000000d2700000|  0%| F|  |TAMS 0x00000000d2600000| PB 0x00000000d2600000| Untracked |  0
|  271|0x00000000d2700000, 0x00000000d2700000, 0x00000000d2800000|  0%| F|  |TAMS 0x00000000d2700000| PB 0x00000000d2700000| Untracked |  0
|  272|0x00000000d2800000, 0x00000000d2800000, 0x00000000d2900000|  0%| F|  |TAMS 0x00000000d2800000| PB 0x00000000d2800000| Untracked |  0
|  273|0x00000000d2900000, 0x00000000d2900000, 0x00000000d2a00000|  0%| F|  |TAMS 0x00000000d2900000| PB 0x00000000d2900000| Untracked |  0
|  274|0x00000000d2a00000, 0x00000000d2a00000, 0x00000000d2b00000|  0%| F|  |TAMS 0x00000000d2a00000| PB 0x00000000d2a00000| Untracked |  0
|  275|0x00000000d2b00000, 0x00000000d2b00000, 0x00000000d2c00000|  0%| F|  |TAMS 0x00000000d2b00000| PB 0x00000000d2b00000| Untracked |  0
|  276|0x00000000d2c00000, 0x00000000d2c00000, 0x00000000d2d00000|  0%| F|  |TAMS 0x00000000d2c00000| PB 0x00000000d2c00000| Untracked |  0
|  277|0x00000000d2d00000, 0x00000000d2d00000, 0x00000000d2e00000|  0%| F|  |TAMS 0x00000000d2d00000| PB 0x00000000d2d00000| Untracked |  0
|  278|0x00000000d2e00000, 0x00000000d2e00000, 0x00000000d2f00000|  0%| F|  |TAMS 0x00000000d2e00000| PB 0x00000000d2e00000| Untracked |  0
|  279|0x00000000d2f00000, 0x00000000d2f00000, 0x00000000d3000000|  0%| F|  |TAMS 0x00000000d2f00000| PB 0x00000000d2f00000| Untracked |  0
|  280|0x00000000d3000000, 0x00000000d3000000, 0x00000000d3100000|  0%| F|  |TAMS 0x00000000d3000000| PB 0x00000000d3000000| Untracked |  0
|  281|0x00000000d3100000, 0x00000000d3100000, 0x00000000d3200000|  0%| F|  |TAMS 0x00000000d3100000| PB 0x00000000d3100000| Untracked |  0
|  282|0x00000000d3200000, 0x00000000d3200000, 0x00000000d3300000|  0%| F|  |TAMS 0x00000000d3200000| PB 0x00000000d3200000| Untracked |  0
|  283|0x00000000d3300000, 0x00000000d3300000, 0x00000000d3400000|  0%| F|  |TAMS 0x00000000d3300000| PB 0x00000000d3300000| Untracked |  0
|  284|0x00000000d3400000, 0x00000000d3400000, 0x00000000d3500000|  0%| F|  |TAMS 0x00000000d3400000| PB 0x00000000d3400000| Untracked |  0
|  285|0x00000000d3500000, 0x00000000d3500000, 0x00000000d3600000|  0%| F|  |TAMS 0x00000000d3500000| PB 0x00000000d3500000| Untracked |  0
|  286|0x00000000d3600000, 0x00000000d3600000, 0x00000000d3700000|  0%| F|  |TAMS 0x00000000d3600000| PB 0x00000000d3600000| Untracked |  0
|  287|0x00000000d3700000, 0x00000000d3800000, 0x00000000d3800000|100%| E|CS|TAMS 0x00000000d3700000| PB 0x00000000d3700000| Complete  |  0
|  288|0x00000000d3800000, 0x00000000d3900000, 0x00000000d3900000|100%| E|CS|TAMS 0x00000000d3800000| PB 0x00000000d3800000| Complete  |  0
|  289|0x00000000d3900000, 0x00000000d3a00000, 0x00000000d3a00000|100%| E|CS|TAMS 0x00000000d3900000| PB 0x00000000d3900000| Complete  |  0
|  290|0x00000000d3a00000, 0x00000000d3b00000, 0x00000000d3b00000|100%| E|CS|TAMS 0x00000000d3a00000| PB 0x00000000d3a00000| Complete  |  0
|  291|0x00000000d3b00000, 0x00000000d3c00000, 0x00000000d3c00000|100%| E|CS|TAMS 0x00000000d3b00000| PB 0x00000000d3b00000| Complete  |  0
|  292|0x00000000d3c00000, 0x00000000d3d00000, 0x00000000d3d00000|100%| E|CS|TAMS 0x00000000d3c00000| PB 0x00000000d3c00000| Complete  |  0
|  293|0x00000000d3d00000, 0x00000000d3e00000, 0x00000000d3e00000|100%| E|CS|TAMS 0x00000000d3d00000| PB 0x00000000d3d00000| Complete  |  0
|  294|0x00000000d3e00000, 0x00000000d3f00000, 0x00000000d3f00000|100%| E|CS|TAMS 0x00000000d3e00000| PB 0x00000000d3e00000| Complete  |  0
|  295|0x00000000d3f00000, 0x00000000d4000000, 0x00000000d4000000|100%| E|CS|TAMS 0x00000000d3f00000| PB 0x00000000d3f00000| Complete  |  0
|  296|0x00000000d4000000, 0x00000000d4100000, 0x00000000d4100000|100%| E|CS|TAMS 0x00000000d4000000| PB 0x00000000d4000000| Complete  |  0
|  297|0x00000000d4100000, 0x00000000d4200000, 0x00000000d4200000|100%| E|CS|TAMS 0x00000000d4100000| PB 0x00000000d4100000| Complete  |  0
|  298|0x00000000d4200000, 0x00000000d4300000, 0x00000000d4300000|100%| E|CS|TAMS 0x00000000d4200000| PB 0x00000000d4200000| Complete  |  0
|  299|0x00000000d4300000, 0x00000000d4400000, 0x00000000d4400000|100%| E|CS|TAMS 0x00000000d4300000| PB 0x00000000d4300000| Complete  |  0
|  300|0x00000000d4400000, 0x00000000d4500000, 0x00000000d4500000|100%| E|CS|TAMS 0x00000000d4400000| PB 0x00000000d4400000| Complete  |  0
|  301|0x00000000d4500000, 0x00000000d4600000, 0x00000000d4600000|100%| E|CS|TAMS 0x00000000d4500000| PB 0x00000000d4500000| Complete  |  0
|  302|0x00000000d4600000, 0x00000000d4700000, 0x00000000d4700000|100%| E|CS|TAMS 0x00000000d4600000| PB 0x00000000d4600000| Complete  |  0
|  303|0x00000000d4700000, 0x00000000d4800000, 0x00000000d4800000|100%| E|CS|TAMS 0x00000000d4700000| PB 0x00000000d4700000| Complete  |  0
|  304|0x00000000d4800000, 0x00000000d4900000, 0x00000000d4900000|100%| E|CS|TAMS 0x00000000d4800000| PB 0x00000000d4800000| Complete  |  0
|  305|0x00000000d4900000, 0x00000000d4a00000, 0x00000000d4a00000|100%| E|CS|TAMS 0x00000000d4900000| PB 0x00000000d4900000| Complete  |  0
|  306|0x00000000d4a00000, 0x00000000d4b00000, 0x00000000d4b00000|100%| E|CS|TAMS 0x00000000d4a00000| PB 0x00000000d4a00000| Complete  |  0
|  307|0x00000000d4b00000, 0x00000000d4c00000, 0x00000000d4c00000|100%| E|CS|TAMS 0x00000000d4b00000| PB 0x00000000d4b00000| Complete  |  0
|  308|0x00000000d4c00000, 0x00000000d4d00000, 0x00000000d4d00000|100%| E|CS|TAMS 0x00000000d4c00000| PB 0x00000000d4c00000| Complete  |  0
|  309|0x00000000d4d00000, 0x00000000d4e00000, 0x00000000d4e00000|100%| E|CS|TAMS 0x00000000d4d00000| PB 0x00000000d4d00000| Complete  |  0
|  310|0x00000000d4e00000, 0x00000000d4f00000, 0x00000000d4f00000|100%| E|CS|TAMS 0x00000000d4e00000| PB 0x00000000d4e00000| Complete  |  0
|  311|0x00000000d4f00000, 0x00000000d5000000, 0x00000000d5000000|100%| E|CS|TAMS 0x00000000d4f00000| PB 0x00000000d4f00000| Complete  |  0
|  312|0x00000000d5000000, 0x00000000d5100000, 0x00000000d5100000|100%| E|CS|TAMS 0x00000000d5000000| PB 0x00000000d5000000| Complete  |  0
|  313|0x00000000d5100000, 0x00000000d5200000, 0x00000000d5200000|100%| E|CS|TAMS 0x00000000d5100000| PB 0x00000000d5100000| Complete  |  0
|  314|0x00000000d5200000, 0x00000000d5300000, 0x00000000d5300000|100%| E|CS|TAMS 0x00000000d5200000| PB 0x00000000d5200000| Complete  |  0
|  315|0x00000000d5300000, 0x00000000d5400000, 0x00000000d5400000|100%| E|CS|TAMS 0x00000000d5300000| PB 0x00000000d5300000| Complete  |  0
|  316|0x00000000d5400000, 0x00000000d5500000, 0x00000000d5500000|100%| E|CS|TAMS 0x00000000d5400000| PB 0x00000000d5400000| Complete  |  0
|  317|0x00000000d5500000, 0x00000000d5600000, 0x00000000d5600000|100%| E|CS|TAMS 0x00000000d5500000| PB 0x00000000d5500000| Complete  |  0
|  318|0x00000000d5600000, 0x00000000d5700000, 0x00000000d5700000|100%| E|CS|TAMS 0x00000000d5600000| PB 0x00000000d5600000| Complete  |  0
|  319|0x00000000d5700000, 0x00000000d5800000, 0x00000000d5800000|100%| E|CS|TAMS 0x00000000d5700000| PB 0x00000000d5700000| Complete  |  0
|  320|0x00000000d5800000, 0x00000000d5900000, 0x00000000d5900000|100%| E|CS|TAMS 0x00000000d5800000| PB 0x00000000d5800000| Complete  |  0
|  321|0x00000000d5900000, 0x00000000d5a00000, 0x00000000d5a00000|100%| E|CS|TAMS 0x00000000d5900000| PB 0x00000000d5900000| Complete  |  0
|  322|0x00000000d5a00000, 0x00000000d5b00000, 0x00000000d5b00000|100%| E|CS|TAMS 0x00000000d5a00000| PB 0x00000000d5a00000| Complete  |  0
|  323|0x00000000d5b00000, 0x00000000d5c00000, 0x00000000d5c00000|100%| E|CS|TAMS 0x00000000d5b00000| PB 0x00000000d5b00000| Complete  |  0
|  324|0x00000000d5c00000, 0x00000000d5d00000, 0x00000000d5d00000|100%| E|CS|TAMS 0x00000000d5c00000| PB 0x00000000d5c00000| Complete  |  0
|  325|0x00000000d5d00000, 0x00000000d5e00000, 0x00000000d5e00000|100%| E|CS|TAMS 0x00000000d5d00000| PB 0x00000000d5d00000| Complete  |  0
|  326|0x00000000d5e00000, 0x00000000d5f00000, 0x00000000d5f00000|100%| E|CS|TAMS 0x00000000d5e00000| PB 0x00000000d5e00000| Complete  |  0
|  327|0x00000000d5f00000, 0x00000000d6000000, 0x00000000d6000000|100%| E|CS|TAMS 0x00000000d5f00000| PB 0x00000000d5f00000| Complete  |  0
|  328|0x00000000d6000000, 0x00000000d6100000, 0x00000000d6100000|100%| E|CS|TAMS 0x00000000d6000000| PB 0x00000000d6000000| Complete  |  0
|  329|0x00000000d6100000, 0x00000000d6200000, 0x00000000d6200000|100%| E|CS|TAMS 0x00000000d6100000| PB 0x00000000d6100000| Complete  |  0
|  330|0x00000000d6200000, 0x00000000d6300000, 0x00000000d6300000|100%| E|CS|TAMS 0x00000000d6200000| PB 0x00000000d6200000| Complete  |  0
|  331|0x00000000d6300000, 0x00000000d6400000, 0x00000000d6400000|100%| E|CS|TAMS 0x00000000d6300000| PB 0x00000000d6300000| Complete  |  0
|  332|0x00000000d6400000, 0x00000000d6500000, 0x00000000d6500000|100%| E|CS|TAMS 0x00000000d6400000| PB 0x00000000d6400000| Complete  |  0
|  333|0x00000000d6500000, 0x00000000d6600000, 0x00000000d6600000|100%| E|CS|TAMS 0x00000000d6500000| PB 0x00000000d6500000| Complete  |  0
|  334|0x00000000d6600000, 0x00000000d6700000, 0x00000000d6700000|100%| E|CS|TAMS 0x00000000d6600000| PB 0x00000000d6600000| Complete  |  0
|  335|0x00000000d6700000, 0x00000000d6800000, 0x00000000d6800000|100%| E|CS|TAMS 0x00000000d6700000| PB 0x00000000d6700000| Complete  |  0
|  336|0x00000000d6800000, 0x00000000d6900000, 0x00000000d6900000|100%| E|CS|TAMS 0x00000000d6800000| PB 0x00000000d6800000| Complete  |  0
|  337|0x00000000d6900000, 0x00000000d6a00000, 0x00000000d6a00000|100%| E|CS|TAMS 0x00000000d6900000| PB 0x00000000d6900000| Complete  |  0
|  338|0x00000000d6a00000, 0x00000000d6b00000, 0x00000000d6b00000|100%| E|CS|TAMS 0x00000000d6a00000| PB 0x00000000d6a00000| Complete  |  0
|  339|0x00000000d6b00000, 0x00000000d6c00000, 0x00000000d6c00000|100%| E|CS|TAMS 0x00000000d6b00000| PB 0x00000000d6b00000| Complete  |  0
|  340|0x00000000d6c00000, 0x00000000d6d00000, 0x00000000d6d00000|100%| E|CS|TAMS 0x00000000d6c00000| PB 0x00000000d6c00000| Complete  |  0
|  341|0x00000000d6d00000, 0x00000000d6e00000, 0x00000000d6e00000|100%| E|CS|TAMS 0x00000000d6d00000| PB 0x00000000d6d00000| Complete  |  0
|  342|0x00000000d6e00000, 0x00000000d6f00000, 0x00000000d6f00000|100%| E|CS|TAMS 0x00000000d6e00000| PB 0x00000000d6e00000| Complete  |  0
|  343|0x00000000d6f00000, 0x00000000d7000000, 0x00000000d7000000|100%| E|CS|TAMS 0x00000000d6f00000| PB 0x00000000d6f00000| Complete  |  0
|  344|0x00000000d7000000, 0x00000000d7100000, 0x00000000d7100000|100%| E|CS|TAMS 0x00000000d7000000| PB 0x00000000d7000000| Complete  |  0
|  345|0x00000000d7100000, 0x00000000d7200000, 0x00000000d7200000|100%| E|CS|TAMS 0x00000000d7100000| PB 0x00000000d7100000| Complete  |  0
|  346|0x00000000d7200000, 0x00000000d7300000, 0x00000000d7300000|100%| E|CS|TAMS 0x00000000d7200000| PB 0x00000000d7200000| Complete  |  0
|  347|0x00000000d7300000, 0x00000000d7400000, 0x00000000d7400000|100%| E|CS|TAMS 0x00000000d7300000| PB 0x00000000d7300000| Complete  |  0
|  348|0x00000000d7400000, 0x00000000d7500000, 0x00000000d7500000|100%| E|CS|TAMS 0x00000000d7400000| PB 0x00000000d7400000| Complete  |  0
|  349|0x00000000d7500000, 0x00000000d7600000, 0x00000000d7600000|100%| E|CS|TAMS 0x00000000d7500000| PB 0x00000000d7500000| Complete  |  0
|  350|0x00000000d7600000, 0x00000000d7700000, 0x00000000d7700000|100%| E|CS|TAMS 0x00000000d7600000| PB 0x00000000d7600000| Complete  |  0
|  351|0x00000000d7700000, 0x00000000d7800000, 0x00000000d7800000|100%| E|CS|TAMS 0x00000000d7700000| PB 0x00000000d7700000| Complete  |  0
|  352|0x00000000d7800000, 0x00000000d7900000, 0x00000000d7900000|100%| E|CS|TAMS 0x00000000d7800000| PB 0x00000000d7800000| Complete  |  0
|  353|0x00000000d7900000, 0x00000000d7a00000, 0x00000000d7a00000|100%| E|CS|TAMS 0x00000000d7900000| PB 0x00000000d7900000| Complete  |  0
|  354|0x00000000d7a00000, 0x00000000d7b00000, 0x00000000d7b00000|100%| E|CS|TAMS 0x00000000d7a00000| PB 0x00000000d7a00000| Complete  |  0
|  355|0x00000000d7b00000, 0x00000000d7c00000, 0x00000000d7c00000|100%| E|CS|TAMS 0x00000000d7b00000| PB 0x00000000d7b00000| Complete  |  0
|  356|0x00000000d7c00000, 0x00000000d7d00000, 0x00000000d7d00000|100%| E|CS|TAMS 0x00000000d7c00000| PB 0x00000000d7c00000| Complete  |  0
|  357|0x00000000d7d00000, 0x00000000d7e00000, 0x00000000d7e00000|100%| E|CS|TAMS 0x00000000d7d00000| PB 0x00000000d7d00000| Complete  |  0
|  358|0x00000000d7e00000, 0x00000000d7f00000, 0x00000000d7f00000|100%| E|CS|TAMS 0x00000000d7e00000| PB 0x00000000d7e00000| Complete  |  0
|  359|0x00000000d7f00000, 0x00000000d8000000, 0x00000000d8000000|100%| E|CS|TAMS 0x00000000d7f00000| PB 0x00000000d7f00000| Complete  |  0
|  360|0x00000000d8000000, 0x00000000d8100000, 0x00000000d8100000|100%| E|CS|TAMS 0x00000000d8000000| PB 0x00000000d8000000| Complete  |  0
|  361|0x00000000d8100000, 0x00000000d8200000, 0x00000000d8200000|100%| E|CS|TAMS 0x00000000d8100000| PB 0x00000000d8100000| Complete  |  0
|  362|0x00000000d8200000, 0x00000000d8300000, 0x00000000d8300000|100%| E|CS|TAMS 0x00000000d8200000| PB 0x00000000d8200000| Complete  |  0
|  363|0x00000000d8300000, 0x00000000d8400000, 0x00000000d8400000|100%| E|CS|TAMS 0x00000000d8300000| PB 0x00000000d8300000| Complete  |  0
|  364|0x00000000d8400000, 0x00000000d8500000, 0x00000000d8500000|100%| E|CS|TAMS 0x00000000d8400000| PB 0x00000000d8400000| Complete  |  0
|  365|0x00000000d8500000, 0x00000000d8600000, 0x00000000d8600000|100%| E|CS|TAMS 0x00000000d8500000| PB 0x00000000d8500000| Complete  |  0
|  366|0x00000000d8600000, 0x00000000d8700000, 0x00000000d8700000|100%| E|CS|TAMS 0x00000000d8600000| PB 0x00000000d8600000| Complete  |  0
|  367|0x00000000d8700000, 0x00000000d8800000, 0x00000000d8800000|100%| E|CS|TAMS 0x00000000d8700000| PB 0x00000000d8700000| Complete  |  0
|  368|0x00000000d8800000, 0x00000000d8900000, 0x00000000d8900000|100%| E|CS|TAMS 0x00000000d8800000| PB 0x00000000d8800000| Complete  |  0
|  369|0x00000000d8900000, 0x00000000d8a00000, 0x00000000d8a00000|100%| E|CS|TAMS 0x00000000d8900000| PB 0x00000000d8900000| Complete  |  0
|  370|0x00000000d8a00000, 0x00000000d8b00000, 0x00000000d8b00000|100%| E|CS|TAMS 0x00000000d8a00000| PB 0x00000000d8a00000| Complete  |  0
|  371|0x00000000d8b00000, 0x00000000d8c00000, 0x00000000d8c00000|100%| E|CS|TAMS 0x00000000d8b00000| PB 0x00000000d8b00000| Complete  |  0
|  372|0x00000000d8c00000, 0x00000000d8d00000, 0x00000000d8d00000|100%| E|CS|TAMS 0x00000000d8c00000| PB 0x00000000d8c00000| Complete  |  0
|  373|0x00000000d8d00000, 0x00000000d8e00000, 0x00000000d8e00000|100%| E|CS|TAMS 0x00000000d8d00000| PB 0x00000000d8d00000| Complete  |  0
|  374|0x00000000d8e00000, 0x00000000d8f00000, 0x00000000d8f00000|100%| E|CS|TAMS 0x00000000d8e00000| PB 0x00000000d8e00000| Complete  |  0
|  375|0x00000000d8f00000, 0x00000000d9000000, 0x00000000d9000000|100%| E|CS|TAMS 0x00000000d8f00000| PB 0x00000000d8f00000| Complete  |  0
|  376|0x00000000d9000000, 0x00000000d9100000, 0x00000000d9100000|100%| E|CS|TAMS 0x00000000d9000000| PB 0x00000000d9000000| Complete  |  0
|  377|0x00000000d9100000, 0x00000000d9200000, 0x00000000d9200000|100%| E|CS|TAMS 0x00000000d9100000| PB 0x00000000d9100000| Complete  |  0
|  378|0x00000000d9200000, 0x00000000d9300000, 0x00000000d9300000|100%| E|CS|TAMS 0x00000000d9200000| PB 0x00000000d9200000| Complete  |  0
|  379|0x00000000d9300000, 0x00000000d9400000, 0x00000000d9400000|100%| E|CS|TAMS 0x00000000d9300000| PB 0x00000000d9300000| Complete  |  0
|  380|0x00000000d9400000, 0x00000000d9500000, 0x00000000d9500000|100%| E|CS|TAMS 0x00000000d9400000| PB 0x00000000d9400000| Complete  |  0
|  381|0x00000000d9500000, 0x00000000d9600000, 0x00000000d9600000|100%| E|CS|TAMS 0x00000000d9500000| PB 0x00000000d9500000| Complete  |  0
|  382|0x00000000d9600000, 0x00000000d9700000, 0x00000000d9700000|100%| E|CS|TAMS 0x00000000d9600000| PB 0x00000000d9600000| Complete  |  0
|  383|0x00000000d9700000, 0x00000000d9800000, 0x00000000d9800000|100%| E|CS|TAMS 0x00000000d9700000| PB 0x00000000d9700000| Complete  |  0
|  384|0x00000000d9800000, 0x00000000d9900000, 0x00000000d9900000|100%| E|CS|TAMS 0x00000000d9800000| PB 0x00000000d9800000| Complete  |  0
|  385|0x00000000d9900000, 0x00000000d9a00000, 0x00000000d9a00000|100%| E|CS|TAMS 0x00000000d9900000| PB 0x00000000d9900000| Complete  |  0
|  386|0x00000000d9a00000, 0x00000000d9b00000, 0x00000000d9b00000|100%| E|CS|TAMS 0x00000000d9a00000| PB 0x00000000d9a00000| Complete  |  0
|  387|0x00000000d9b00000, 0x00000000d9c00000, 0x00000000d9c00000|100%| E|CS|TAMS 0x00000000d9b00000| PB 0x00000000d9b00000| Complete  |  0
|  388|0x00000000d9c00000, 0x00000000d9d00000, 0x00000000d9d00000|100%| E|CS|TAMS 0x00000000d9c00000| PB 0x00000000d9c00000| Complete  |  0
|  389|0x00000000d9d00000, 0x00000000d9e00000, 0x00000000d9e00000|100%| E|CS|TAMS 0x00000000d9d00000| PB 0x00000000d9d00000| Complete  |  0
|  390|0x00000000d9e00000, 0x00000000d9f00000, 0x00000000d9f00000|100%| E|CS|TAMS 0x00000000d9e00000| PB 0x00000000d9e00000| Complete  |  0
|  391|0x00000000d9f00000, 0x00000000da000000, 0x00000000da000000|100%| E|CS|TAMS 0x00000000d9f00000| PB 0x00000000d9f00000| Complete  |  0
|  392|0x00000000da000000, 0x00000000da100000, 0x00000000da100000|100%| E|CS|TAMS 0x00000000da000000| PB 0x00000000da000000| Complete  |  0
|  393|0x00000000da100000, 0x00000000da200000, 0x00000000da200000|100%| E|CS|TAMS 0x00000000da100000| PB 0x00000000da100000| Complete  |  0
|  394|0x00000000da200000, 0x00000000da300000, 0x00000000da300000|100%| E|CS|TAMS 0x00000000da200000| PB 0x00000000da200000| Complete  |  0
|  395|0x00000000da300000, 0x00000000da400000, 0x00000000da400000|100%| E|CS|TAMS 0x00000000da300000| PB 0x00000000da300000| Complete  |  0
|  396|0x00000000da400000, 0x00000000da500000, 0x00000000da500000|100%| E|CS|TAMS 0x00000000da400000| PB 0x00000000da400000| Complete  |  0
|  397|0x00000000da500000, 0x00000000da600000, 0x00000000da600000|100%| E|CS|TAMS 0x00000000da500000| PB 0x00000000da500000| Complete  |  0
|  398|0x00000000da600000, 0x00000000da700000, 0x00000000da700000|100%| E|CS|TAMS 0x00000000da600000| PB 0x00000000da600000| Complete  |  0
|  399|0x00000000da700000, 0x00000000da800000, 0x00000000da800000|100%| E|CS|TAMS 0x00000000da700000| PB 0x00000000da700000| Complete  |  0
|  400|0x00000000da800000, 0x00000000da900000, 0x00000000da900000|100%| E|CS|TAMS 0x00000000da800000| PB 0x00000000da800000| Complete  |  0
|  401|0x00000000da900000, 0x00000000daa00000, 0x00000000daa00000|100%| E|CS|TAMS 0x00000000da900000| PB 0x00000000da900000| Complete  |  0
|  402|0x00000000daa00000, 0x00000000dab00000, 0x00000000dab00000|100%| E|CS|TAMS 0x00000000daa00000| PB 0x00000000daa00000| Complete  |  0
|  403|0x00000000dab00000, 0x00000000dac00000, 0x00000000dac00000|100%| E|CS|TAMS 0x00000000dab00000| PB 0x00000000dab00000| Complete  |  0
|  404|0x00000000dac00000, 0x00000000dad00000, 0x00000000dad00000|100%| E|CS|TAMS 0x00000000dac00000| PB 0x00000000dac00000| Complete  |  0
|  405|0x00000000dad00000, 0x00000000dae00000, 0x00000000dae00000|100%| E|CS|TAMS 0x00000000dad00000| PB 0x00000000dad00000| Complete  |  0
|  406|0x00000000dae00000, 0x00000000daf00000, 0x00000000daf00000|100%| E|CS|TAMS 0x00000000dae00000| PB 0x00000000dae00000| Complete  |  0
|  407|0x00000000daf00000, 0x00000000db000000, 0x00000000db000000|100%| E|CS|TAMS 0x00000000daf00000| PB 0x00000000daf00000| Complete  |  0
|  408|0x00000000db000000, 0x00000000db100000, 0x00000000db100000|100%| E|CS|TAMS 0x00000000db000000| PB 0x00000000db000000| Complete  |  0
|  409|0x00000000db100000, 0x00000000db200000, 0x00000000db200000|100%| E|CS|TAMS 0x00000000db100000| PB 0x00000000db100000| Complete  |  0
|  410|0x00000000db200000, 0x00000000db300000, 0x00000000db300000|100%| E|CS|TAMS 0x00000000db200000| PB 0x00000000db200000| Complete  |  0
|  411|0x00000000db300000, 0x00000000db400000, 0x00000000db400000|100%| E|CS|TAMS 0x00000000db300000| PB 0x00000000db300000| Complete  |  0
|  412|0x00000000db400000, 0x00000000db500000, 0x00000000db500000|100%| E|CS|TAMS 0x00000000db400000| PB 0x00000000db400000| Complete  |  0
|  413|0x00000000db500000, 0x00000000db600000, 0x00000000db600000|100%| E|CS|TAMS 0x00000000db500000| PB 0x00000000db500000| Complete  |  0
|  414|0x00000000db600000, 0x00000000db700000, 0x00000000db700000|100%| E|CS|TAMS 0x00000000db600000| PB 0x00000000db600000| Complete  |  0
|  415|0x00000000db700000, 0x00000000db800000, 0x00000000db800000|100%| E|CS|TAMS 0x00000000db700000| PB 0x00000000db700000| Complete  |  0
|  416|0x00000000db800000, 0x00000000db900000, 0x00000000db900000|100%| E|CS|TAMS 0x00000000db800000| PB 0x00000000db800000| Complete  |  0
|  417|0x00000000db900000, 0x00000000dba00000, 0x00000000dba00000|100%| E|CS|TAMS 0x00000000db900000| PB 0x00000000db900000| Complete  |  0
|  418|0x00000000dba00000, 0x00000000dbb00000, 0x00000000dbb00000|100%| E|CS|TAMS 0x00000000dba00000| PB 0x00000000dba00000| Complete  |  0
|  419|0x00000000dbb00000, 0x00000000dbc00000, 0x00000000dbc00000|100%| E|CS|TAMS 0x00000000dbb00000| PB 0x00000000dbb00000| Complete  |  0
|  420|0x00000000dbc00000, 0x00000000dbd00000, 0x00000000dbd00000|100%| E|CS|TAMS 0x00000000dbc00000| PB 0x00000000dbc00000| Complete  |  0
|  421|0x00000000dbd00000, 0x00000000dbe00000, 0x00000000dbe00000|100%| E|CS|TAMS 0x00000000dbd00000| PB 0x00000000dbd00000| Complete  |  0
|  422|0x00000000dbe00000, 0x00000000dbf00000, 0x00000000dbf00000|100%| E|CS|TAMS 0x00000000dbe00000| PB 0x00000000dbe00000| Complete  |  0
|  423|0x00000000dbf00000, 0x00000000dc000000, 0x00000000dc000000|100%| E|CS|TAMS 0x00000000dbf00000| PB 0x00000000dbf00000| Complete  |  0
|  424|0x00000000dc000000, 0x00000000dc100000, 0x00000000dc100000|100%| E|CS|TAMS 0x00000000dc000000| PB 0x00000000dc000000| Complete  |  0
|  425|0x00000000dc100000, 0x00000000dc200000, 0x00000000dc200000|100%| E|CS|TAMS 0x00000000dc100000| PB 0x00000000dc100000| Complete  |  0
|  426|0x00000000dc200000, 0x00000000dc300000, 0x00000000dc300000|100%| E|CS|TAMS 0x00000000dc200000| PB 0x00000000dc200000| Complete  |  0
|  427|0x00000000dc300000, 0x00000000dc400000, 0x00000000dc400000|100%| E|CS|TAMS 0x00000000dc300000| PB 0x00000000dc300000| Complete  |  0
|  428|0x00000000dc400000, 0x00000000dc500000, 0x00000000dc500000|100%| E|CS|TAMS 0x00000000dc400000| PB 0x00000000dc400000| Complete  |  0
|  429|0x00000000dc500000, 0x00000000dc600000, 0x00000000dc600000|100%| E|CS|TAMS 0x00000000dc500000| PB 0x00000000dc500000| Complete  |  0
|  430|0x00000000dc600000, 0x00000000dc700000, 0x00000000dc700000|100%| E|CS|TAMS 0x00000000dc600000| PB 0x00000000dc600000| Complete  |  0
|  431|0x00000000dc700000, 0x00000000dc800000, 0x00000000dc800000|100%| E|CS|TAMS 0x00000000dc700000| PB 0x00000000dc700000| Complete  |  0
|  432|0x00000000dc800000, 0x00000000dc900000, 0x00000000dc900000|100%| E|CS|TAMS 0x00000000dc800000| PB 0x00000000dc800000| Complete  |  0
|  433|0x00000000dc900000, 0x00000000dca00000, 0x00000000dca00000|100%| E|CS|TAMS 0x00000000dc900000| PB 0x00000000dc900000| Complete  |  0
|  434|0x00000000dca00000, 0x00000000dcb00000, 0x00000000dcb00000|100%| E|CS|TAMS 0x00000000dca00000| PB 0x00000000dca00000| Complete  |  0
|  435|0x00000000dcb00000, 0x00000000dcc00000, 0x00000000dcc00000|100%| E|CS|TAMS 0x00000000dcb00000| PB 0x00000000dcb00000| Complete  |  0
|  436|0x00000000dcc00000, 0x00000000dcd00000, 0x00000000dcd00000|100%| E|CS|TAMS 0x00000000dcc00000| PB 0x00000000dcc00000| Complete  |  0
|  437|0x00000000dcd00000, 0x00000000dce00000, 0x00000000dce00000|100%| E|CS|TAMS 0x00000000dcd00000| PB 0x00000000dcd00000| Complete  |  0
|  438|0x00000000dce00000, 0x00000000dcf00000, 0x00000000dcf00000|100%| E|CS|TAMS 0x00000000dce00000| PB 0x00000000dce00000| Complete  |  0
|  439|0x00000000dcf00000, 0x00000000dd000000, 0x00000000dd000000|100%| E|CS|TAMS 0x00000000dcf00000| PB 0x00000000dcf00000| Complete  |  0
|  440|0x00000000dd000000, 0x00000000dd071960, 0x00000000dd100000| 44%| S|CS|TAMS 0x00000000dd000000| PB 0x00000000dd000000| Complete  |  0
|  441|0x00000000dd100000, 0x00000000dd200000, 0x00000000dd200000|100%| S|CS|TAMS 0x00000000dd100000| PB 0x00000000dd100000| Complete  |  0
|  442|0x00000000dd200000, 0x00000000dd300000, 0x00000000dd300000|100%| E|CS|TAMS 0x00000000dd200000| PB 0x00000000dd200000| Complete  |  0
|  443|0x00000000dd300000, 0x00000000dd400000, 0x00000000dd400000|100%| E|CS|TAMS 0x00000000dd300000| PB 0x00000000dd300000| Complete  |  0
|  444|0x00000000dd400000, 0x00000000dd500000, 0x00000000dd500000|100%| E|CS|TAMS 0x00000000dd400000| PB 0x00000000dd400000| Complete  |  0
|  445|0x00000000dd500000, 0x00000000dd600000, 0x00000000dd600000|100%| E|CS|TAMS 0x00000000dd500000| PB 0x00000000dd500000| Complete  |  0
|  446|0x00000000dd600000, 0x00000000dd700000, 0x00000000dd700000|100%| E|CS|TAMS 0x00000000dd600000| PB 0x00000000dd600000| Complete  |  0
|  447|0x00000000dd700000, 0x00000000dd800000, 0x00000000dd800000|100%| E|CS|TAMS 0x00000000dd700000| PB 0x00000000dd700000| Complete  |  0
|  448|0x00000000dd800000, 0x00000000dd900000, 0x00000000dd900000|100%| E|CS|TAMS 0x00000000dd800000| PB 0x00000000dd800000| Complete  |  0
|  449|0x00000000dd900000, 0x00000000dda00000, 0x00000000dda00000|100%| E|CS|TAMS 0x00000000dd900000| PB 0x00000000dd900000| Complete  |  0
|  450|0x00000000dda00000, 0x00000000ddb00000, 0x00000000ddb00000|100%| E|CS|TAMS 0x00000000dda00000| PB 0x00000000dda00000| Complete  |  0
|  451|0x00000000ddb00000, 0x00000000ddc00000, 0x00000000ddc00000|100%| E|CS|TAMS 0x00000000ddb00000| PB 0x00000000ddb00000| Complete  |  0
|  452|0x00000000ddc00000, 0x00000000ddd00000, 0x00000000ddd00000|100%| E|CS|TAMS 0x00000000ddc00000| PB 0x00000000ddc00000| Complete  |  0
|  453|0x00000000ddd00000, 0x00000000dde00000, 0x00000000dde00000|100%| E|CS|TAMS 0x00000000ddd00000| PB 0x00000000ddd00000| Complete  |  0
|  454|0x00000000dde00000, 0x00000000ddf00000, 0x00000000ddf00000|100%| E|CS|TAMS 0x00000000dde00000| PB 0x00000000dde00000| Complete  |  0
|  455|0x00000000ddf00000, 0x00000000de000000, 0x00000000de000000|100%| E|CS|TAMS 0x00000000ddf00000| PB 0x00000000ddf00000| Complete  |  0
|  456|0x00000000de000000, 0x00000000de100000, 0x00000000de100000|100%| E|CS|TAMS 0x00000000de000000| PB 0x00000000de000000| Complete  |  0
|  457|0x00000000de100000, 0x00000000de200000, 0x00000000de200000|100%| E|CS|TAMS 0x00000000de100000| PB 0x00000000de100000| Complete  |  0
|  458|0x00000000de200000, 0x00000000de300000, 0x00000000de300000|100%| E|CS|TAMS 0x00000000de200000| PB 0x00000000de200000| Complete  |  0
|  459|0x00000000de300000, 0x00000000de400000, 0x00000000de400000|100%| E|CS|TAMS 0x00000000de300000| PB 0x00000000de300000| Complete  |  0
|  460|0x00000000de400000, 0x00000000de500000, 0x00000000de500000|100%| E|CS|TAMS 0x00000000de400000| PB 0x00000000de400000| Complete  |  0
|  996|0x00000000ffc00000, 0x00000000ffd00000, 0x00000000ffd00000|100%| E|CS|TAMS 0x00000000ffc00000| PB 0x00000000ffc00000| Complete  |  0
|  997|0x00000000ffd00000, 0x00000000ffe00000, 0x00000000ffe00000|100%| O|  |TAMS 0x00000000ffd00000| PB 0x00000000ffd00000| Untracked |  0
|  998|0x00000000ffe00000, 0x00000000fff00000, 0x00000000fff00000|100%| O|  |TAMS 0x00000000ffe00000| PB 0x00000000ffe00000| Untracked |  0
|  999|0x00000000fff00000, 0x0000000100000000, 0x0000000100000000|100%| E|CS|TAMS 0x00000000fff00000| PB 0x00000000fff00000| Complete  |  0

Card table byte_map: [0x000001fae5440000,0x000001fae5640000] _byte_map_base: 0x000001fae4e34000
Refinement table byte_map: [0x000001fae5640000,0x000001fae5840000] _byte_map_base: 0x000001fae5034000

Marking Bits: (CMBitMap*) 0x000001facd5e7030
 Bits: [0x000001fae5840000, 0x000001fae67e0000)

Polling page: 0x000001facb340000

Metaspace:
Metaspace        used 93386K, committed 94016K, reserved 1179648K
 class space     used 13687K, committed 13952K, reserved 1048576K

Usage:
  Non-class:     77.83 MB used.
      Class:     13.37 MB used.
       Both:     91.20 MB used.

Virtual space:
  Non-class space:      128.00 MB reserved,      78.19 MB ( 61%) committed,  2 nodes.
      Class space:        1.00 GB reserved,      13.63 MB (  1%) committed,  1 nodes.
             Both:        1.13 GB reserved,      91.81 MB (  8%) committed. 

Chunk freelists:
   Non-Class:  1.67 MB
       Class:  2.22 MB
        Both:  3.89 MB

MaxMetaspaceSize: unlimited
CompressedClassSpaceSize: 1.00 GB
Initial GC threshold: 21.00 MB
Current GC threshold: 129.50 MB
CDS: on
 - commit_granule_bytes: 65536.
 - commit_granule_words: 8192.
 - virtual_space_node_default_size: 8388608.
 - enlarge_chunks_in_place: 1.
UseCompressedClassPointers 1, UseCompactObjectHeaders 0
Narrow klass pointer bits 32, Max shift 3
Narrow klass base: 0x000000000e000000, Narrow klass shift: 0
Encoding Range: [0x000000000e000000 - 0x000000010e000000), (4294967296 bytes)
Klass Range:    [0x000000000e000000 - 0x000000004f000000), (1090519040 bytes)
Klass ID Range:  [8 - 1090519033) (1090519025)
Protection zone: [0x000000000e000000 - 0x000000000e010000), (65536 bytes)


Internal statistics:

num_allocs_failed_limit: 6.
num_arena_births: 824.
num_arena_deaths: 0.
num_vsnodes_births: 3.
num_vsnodes_deaths: 0.
num_space_committed: 1469.
num_space_uncommitted: 0.
num_chunks_returned_to_freelist: 6.
num_chunks_taken_from_freelist: 4187.
num_chunk_merges: 6.
num_chunk_splits: 3124.
num_chunks_enlarged: 2632.
num_inconsistent_stats: 0.

CodeHeap 'non-profiled nmethods': size=120064Kb used=4103Kb max_used=4103Kb free=115960Kb
 bounds [0x000001faddd00000, 0x000001fade110000, 0x000001fae5240000]
CodeHeap 'profiled nmethods': size=120000Kb used=12196Kb max_used=12196Kb free=107803Kb
 bounds [0x000001fad6240000, 0x000001fad6e30000, 0x000001fadd770000]
CodeHeap 'non-nmethods': size=5696Kb used=1684Kb max_used=1725Kb free=4011Kb
 bounds [0x000001fadd770000, 0x000001fadd9e0000, 0x000001faddd00000]
CodeCache: size=245760Kb, used=17983Kb, max_used=18024Kb, free=227774Kb
 total_blobs=8923, nmethods=8136, adapters=690, full_count=0
Compilation: enabled, stopped_count=0, restarted_count=0

Compilation events (20 events):
Event: 1698.645 Thread 0x000001facd656130 nmethod 9280 0x000001fade0ff908 code [0x000001fade0ffa00, 0x000001fade0ffab8]
Event: 1698.645 Thread 0x000001facd656130 9281       3       com.mysql.cj.ServerVersion::<init> (35 bytes)
Event: 1698.674 Thread 0x000001facd656130 nmethod 9281 0x000001fad6e25208 code [0x000001fad6e25300, 0x000001fad6e25c70]
Event: 1740.496 Thread 0x000001facd64f520 9282       4       java.util.concurrent.locks.AbstractQueuedSynchronizer$Node::clearStatus (12 bytes)
Event: 1740.643 Thread 0x000001facd64f520 nmethod 9282 0x000001fade0ffc08 code [0x000001fade0ffd00, 0x000001fade0ffd68]
Event: 1741.965 Thread 0x000001facd64f520 9283       4       com.mysql.cj.telemetry.TelemetrySpan::setAttribute (1 bytes)
Event: 1741.967 Thread 0x000001facd64f520 nmethod 9283 0x000001fade0fff08 code [0x000001fade100000, 0x000001fade100068]
Event: 1759.331 Thread 0x000001facd64f520 9284   !   4       java.util.concurrent.locks.AbstractQueuedSynchronizer::acquire (448 bytes)
Event: 1759.403 Thread 0x000001facd64f520 nmethod 9284 0x000001fade100208 code [0x000001fade100300, 0x000001fade101010]
Event: 1765.739 Thread 0x000001facd64f520 9285       4       java.util.concurrent.locks.AbstractQueuedSynchronizer$ConditionNode::isReleasable (23 bytes)
Event: 1765.744 Thread 0x000001facd64f520 nmethod 9285 0x000001fade101088 code [0x000001fade101180, 0x000001fade101220]
Event: 1792.299 Thread 0x000001facd64f520 9286   !   4       java.util.concurrent.locks.AbstractQueuedSynchronizer$ConditionObject::newConditionNode (78 bytes)
Event: 1792.315 Thread 0x000001facd64f520 nmethod 9286 0x000001fade101388 code [0x000001fade101480, 0x000001fade1017e8]
Event: 1792.315 Thread 0x000001facd64f520 9287   !   4       java.util.concurrent.locks.AbstractQueuedSynchronizer::tryInitializeHead (66 bytes)
Event: 1792.321 Thread 0x000001facd64f520 nmethod 9287 0x000001fade101808 code [0x000001fade101900, 0x000001fade101bb0]
Event: 1797.343 Thread 0x000001facd64f520 9288   !   4       java.util.concurrent.locks.AbstractQueuedSynchronizer::reacquire (64 bytes)
Event: 1797.352 Thread 0x000001facd64f520 nmethod 9288 0x000001fade101c08 code [0x000001fade101d00, 0x000001fade101df8]
Event: 1805.335 Thread 0x000001facd656130 9289       3       com.mysql.cj.conf.IntegerProperty::checkRange (132 bytes)
Event: 1805.371 Thread 0x000001facd656130 nmethod 9289 0x000001fad6e25c88 code [0x000001fad6e25d80, 0x000001fad6e27b78]
Event: 1812.093 Thread 0x000001facd64f520 9290       4       com.mysql.cj.conf.DefaultPropertySet::getBooleanProperty (6 bytes)

GC Heap Usage History (20 events):
Event: 25.314 {heap Before GC invocations=41 (full 0):
 garbage-first heap   total reserved 1024000K, committed 52224K, used 48063K [0x00000000c1800000, 0x0000000100000000)
  region size 1M, 13 eden (13M), 1 survivor (1M), 30 old (30M), 3 humongous (3M), 4 free (4M)
}
Event: 25.317 {heap After GC invocations=42 (full 0):
 garbage-first heap   total reserved 1024000K, committed 52224K, used 35453K [0x00000000c1800000, 0x0000000100000000)
  region size 1M, 0 eden (0M), 2 survivor (2M), 30 old (30M), 3 humongous (3M), 16 free (16M)
}
Event: 27.630 {heap Before GC invocations=43 (full 0):
 garbage-first heap   total reserved 1024000K, committed 52224K, used 46717K [0x00000000c1800000, 0x0000000100000000)
  region size 1M, 12 eden (12M), 2 survivor (2M), 30 old (30M), 3 humongous (3M), 4 free (4M)
}
Event: 27.639 {heap After GC invocations=44 (full 0):
 garbage-first heap   total reserved 1024000K, committed 52224K, used 36414K [0x00000000c1800000, 0x0000000100000000)
  region size 1M, 0 eden (0M), 2 survivor (2M), 31 old (31M), 3 humongous (3M), 15 free (15M)
}
Event: 29.181 {heap Before GC invocations=44 (full 0):
 garbage-first heap   total reserved 1024000K, committed 52224K, used 47678K [0x00000000c1800000, 0x0000000100000000)
  region size 1M, 11 eden (11M), 2 survivor (2M), 31 old (31M), 3 humongous (3M), 4 free (4M)
}
Event: 29.192 {heap After GC invocations=45 (full 0):
 garbage-first heap   total reserved 1024000K, committed 52224K, used 37287K [0x00000000c1800000, 0x0000000100000000)
  region size 1M, 0 eden (0M), 2 survivor (2M), 32 old (32M), 3 humongous (3M), 14 free (14M)
}
Event: 29.959 {heap Before GC invocations=45 (full 0):
 garbage-first heap   total reserved 1024000K, committed 52224K, used 46503K [0x00000000c1800000, 0x0000000100000000)
  region size 1M, 10 eden (10M), 2 survivor (2M), 32 old (32M), 3 humongous (3M), 4 free (4M)
}
Event: 29.969 {heap After GC invocations=46 (full 0):
 garbage-first heap   total reserved 1024000K, committed 52224K, used 38654K [0x00000000c1800000, 0x0000000100000000)
  region size 1M, 0 eden (0M), 2 survivor (2M), 33 old (33M), 3 humongous (3M), 13 free (13M)
}
Event: 30.205 {heap Before GC invocations=47 (full 0):
 garbage-first heap   total reserved 1024000K, committed 52224K, used 47870K [0x00000000c1800000, 0x0000000100000000)
  region size 1M, 9 eden (9M), 2 survivor (2M), 33 old (33M), 3 humongous (3M), 4 free (4M)
}
Event: 30.223 {heap After GC invocations=48 (full 0):
 garbage-first heap   total reserved 1024000K, committed 156672K, used 39467K [0x00000000c1800000, 0x0000000100000000)
  region size 1M, 0 eden (0M), 1 survivor (1M), 35 old (35M), 3 humongous (3M), 114 free (114M)
}
Event: 33.571 {heap Before GC invocations=48 (full 0):
 garbage-first heap   total reserved 1024000K, committed 156672K, used 130603K [0x00000000c1800000, 0x0000000100000000)
  region size 1M, 90 eden (90M), 1 survivor (1M), 35 old (35M), 3 humongous (3M), 24 free (24M)
}
Event: 33.754 {heap After GC invocations=49 (full 0):
 garbage-first heap   total reserved 1024000K, committed 156672K, used 48745K [0x00000000c1800000, 0x0000000100000000)
  region size 1M, 0 eden (0M), 10 survivor (10M), 35 old (35M), 3 humongous (3M), 105 free (105M)
}
Event: 33.932 {heap Before GC invocations=49 (full 0):
 garbage-first heap   total reserved 1024000K, committed 156672K, used 132713K [0x00000000c1800000, 0x0000000100000000)
  region size 1M, 81 eden (81M), 10 survivor (10M), 35 old (35M), 4 humongous (4M), 23 free (23M)
}
Event: 33.966 {heap After GC invocations=50 (full 0):
 garbage-first heap   total reserved 1024000K, committed 158720K, used 63886K [0x00000000c1800000, 0x0000000100000000)
  region size 1M, 0 eden (0M), 12 survivor (12M), 48 old (48M), 3 humongous (3M), 92 free (92M)
}
Event: 35.066 {heap Before GC invocations=50 (full 0):
 garbage-first heap   total reserved 1024000K, committed 158720K, used 135566K [0x00000000c1800000, 0x0000000100000000)
  region size 1M, 70 eden (70M), 12 survivor (12M), 48 old (48M), 3 humongous (3M), 22 free (22M)
}
Event: 35.101 {heap After GC invocations=51 (full 0):
 garbage-first heap   total reserved 1024000K, committed 158720K, used 73216K [0x00000000c1800000, 0x0000000100000000)
  region size 1M, 0 eden (0M), 8 survivor (8M), 61 old (61M), 3 humongous (3M), 83 free (83M)
}
Event: 42.359 {heap Before GC invocations=52 (full 0):
 garbage-first heap   total reserved 1024000K, committed 158720K, used 137728K [0x00000000c1800000, 0x0000000100000000)
  region size 1M, 63 eden (63M), 8 survivor (8M), 61 old (61M), 3 humongous (3M), 20 free (20M)
}
Event: 42.378 {heap After GC invocations=53 (full 0):
 garbage-first heap   total reserved 1024000K, committed 476160K, used 72419K [0x00000000c1800000, 0x0000000100000000)
  region size 1M, 0 eden (0M), 5 survivor (5M), 63 old (63M), 3 humongous (3M), 394 free (394M)
}
Event: 83.124 {heap Before GC invocations=53 (full 0):
 garbage-first heap   total reserved 1024000K, committed 476160K, used 92899K [0x00000000c1800000, 0x0000000100000000)
  region size 1M, 20 eden (20M), 5 survivor (5M), 63 old (63M), 3 humongous (3M), 374 free (374M)
}
Event: 83.351 {heap After GC invocations=54 (full 0):
 garbage-first heap   total reserved 1024000K, committed 476160K, used 72693K [0x00000000c1800000, 0x0000000100000000)
  region size 1M, 0 eden (0M), 2 survivor (2M), 67 old (67M), 3 humongous (3M), 393 free (393M)
}

Metaspace Usage History (20 events):
Event: 25.314 {metaspace Before GC invocations=41 (full 0):
 Metaspace       used 68692K, committed 69184K, reserved 1114112K
  class space    used 9773K, committed 9984K, reserved 1048576K
}
Event: 25.317 {metaspace After GC invocations=42 (full 0):
 Metaspace       used 68692K, committed 69184K, reserved 1114112K
  class space    used 9773K, committed 9984K, reserved 1048576K
}
Event: 27.630 {metaspace Before GC invocations=43 (full 0):
 Metaspace       used 70047K, committed 70592K, reserved 1114112K
  class space    used 10020K, committed 10304K, reserved 1048576K
}
Event: 27.639 {metaspace After GC invocations=44 (full 0):
 Metaspace       used 70047K, committed 70592K, reserved 1114112K
  class space    used 10020K, committed 10304K, reserved 1048576K
}
Event: 29.181 {metaspace Before GC invocations=44 (full 0):
 Metaspace       used 72178K, committed 72704K, reserved 1114112K
  class space    used 10263K, committed 10496K, reserved 1048576K
}
Event: 29.192 {metaspace After GC invocations=45 (full 0):
 Metaspace       used 72178K, committed 72704K, reserved 1114112K
  class space    used 10263K, committed 10496K, reserved 1048576K
}
Event: 29.959 {metaspace Before GC invocations=45 (full 0):
 Metaspace       used 74399K, committed 74944K, reserved 1114112K
  class space    used 10740K, committed 11008K, reserved 1048576K
}
Event: 29.969 {metaspace After GC invocations=46 (full 0):
 Metaspace       used 74399K, committed 74944K, reserved 1114112K
  class space    used 10740K, committed 11008K, reserved 1048576K
}
Event: 30.205 {metaspace Before GC invocations=47 (full 0):
 Metaspace       used 74418K, committed 74944K, reserved 1114112K
  class space    used 10744K, committed 11008K, reserved 1048576K
}
Event: 30.223 {metaspace After GC invocations=48 (full 0):
 Metaspace       used 74418K, committed 74944K, reserved 1114112K
  class space    used 10744K, committed 11008K, reserved 1048576K
}
Event: 33.571 {metaspace Before GC invocations=48 (full 0):
 Metaspace       used 78794K, committed 79360K, reserved 1179648K
  class space    used 11605K, committed 11840K, reserved 1048576K
}
Event: 33.760 {metaspace After GC invocations=49 (full 0):
 Metaspace       used 78794K, committed 79360K, reserved 1179648K
  class space    used 11605K, committed 11840K, reserved 1048576K
}
Event: 33.932 {metaspace Before GC invocations=49 (full 0):
 Metaspace       used 78810K, committed 79360K, reserved 1179648K
  class space    used 11605K, committed 11840K, reserved 1048576K
}
Event: 33.966 {metaspace After GC invocations=50 (full 0):
 Metaspace       used 78810K, committed 79360K, reserved 1179648K
  class space    used 11605K, committed 11840K, reserved 1048576K
}
Event: 35.066 {metaspace Before GC invocations=50 (full 0):
 Metaspace       used 78863K, committed 79424K, reserved 1179648K
  class space    used 11607K, committed 11840K, reserved 1048576K
}
Event: 35.101 {metaspace After GC invocations=51 (full 0):
 Metaspace       used 78863K, committed 79424K, reserved 1179648K
  class space    used 11607K, committed 11840K, reserved 1048576K
}
Event: 42.359 {metaspace Before GC invocations=52 (full 0):
 Metaspace       used 83534K, committed 84096K, reserved 1179648K
  class space    used 12287K, committed 12544K, reserved 1048576K
}
Event: 42.378 {metaspace After GC invocations=53 (full 0):
 Metaspace       used 83534K, committed 84096K, reserved 1179648K
  class space    used 12287K, committed 12544K, reserved 1048576K
}
Event: 83.125 {metaspace Before GC invocations=53 (full 0):
 Metaspace       used 84922K, committed 85504K, reserved 1179648K
  class space    used 12484K, committed 12736K, reserved 1048576K
}
Event: 83.351 {metaspace After GC invocations=54 (full 0):
 Metaspace       used 84922K, committed 85504K, reserved 1179648K
  class space    used 12484K, committed 12736K, reserved 1048576K
}

Dll operation events (20 events):
Event: 0.270 Attempting to load shared library C:\Program Files\Java\jdk-26\bin\zip.dll
Event: 0.271 Loaded shared library C:\Program Files\Java\jdk-26\bin\zip.dll
Event: 0.274 Attempting to load shared library C:\Program Files\Java\jdk-26\bin\instrument.dll
Event: 0.274 Loaded shared library C:\Program Files\Java\jdk-26\bin\instrument.dll
Event: 0.282 Attempting to load shared library C:\Program Files\Java\jdk-26\bin\net.dll
Event: 0.289 Loaded shared library C:\Program Files\Java\jdk-26\bin\net.dll
Event: 0.291 Attempting to load shared library C:\Program Files\Java\jdk-26\bin\nio.dll
Event: 0.291 Loaded shared library C:\Program Files\Java\jdk-26\bin\nio.dll
Event: 0.294 Attempting to load shared library C:\Program Files\Java\jdk-26\bin\zip.dll
Event: 0.294 Loaded shared library C:\Program Files\Java\jdk-26\bin\zip.dll
Event: 0.626 Attempting to load shared library C:\Program Files\Java\jdk-26\bin\extnet.dll
Event: 0.626 Loaded shared library C:\Program Files\Java\jdk-26\bin\extnet.dll
Event: 0.661 Attempting to load shared library C:\Program Files\Java\jdk-26\bin\jimage.dll
Event: 0.661 Loaded shared library C:\Program Files\Java\jdk-26\bin\jimage.dll
Event: 1.526 Attempting to load shared library C:\Program Files\Java\jdk-26\bin\management.dll
Event: 1.526 Loaded shared library C:\Program Files\Java\jdk-26\bin\management.dll
Event: 1.528 Attempting to load shared library C:\Program Files\Java\jdk-26\bin\management_ext.dll
Event: 1.530 Loaded shared library C:\Program Files\Java\jdk-26\bin\management_ext.dll
Event: 5.126 Attempting to load shared library C:\Program Files\Java\jdk-26\bin\sunmscapi.dll
Event: 5.133 Loaded shared library C:\Program Files\Java\jdk-26\bin\sunmscapi.dll

Deoptimization events (20 events):
Event: 286.174 Thread 0x000001faf08dc330 Uncommon trap: trap_request=0xffffffc6 fr.pc=0x000001fade0a37e0 relative=0x0000000000000d60
Event: 286.174 Thread 0x000001faf08dc330 Uncommon trap: reason=bimorphic_or_optimized_type_check action=maybe_recompile pc=0x000001fade0a37e0 method=org.springframework.core.SerializableTypeWrapper$TypeProxyInvocationHandler.invoke(Ljava/lang/Object;Ljava/lang/reflect/Method;[Ljava/lang/Object;)
Event: 286.174 Thread 0x000001faf08dc330 DEOPT PACKING pc=0x000001fade0a37e0 sp=0x00000038b1afa4a0
Event: 286.174 Thread 0x000001faf08dc330 DEOPT UNPACKING pc=0x000001fadd88a07c sp=0x00000038b1afa438 mode 2
Event: 286.174 Thread 0x000001faf08dc330 Uncommon trap: trap_request=0xffffffc6 fr.pc=0x000001fade066f48 relative=0x0000000000002a48
Event: 286.174 Thread 0x000001faf08dc330 Uncommon trap: reason=bimorphic_or_optimized_type_check action=maybe_recompile pc=0x000001fade066f48 method=org.springframework.core.SerializableTypeWrapper$MethodInvokeTypeProvider.getType()Ljava/lang/reflect/Type; @ 17 c2
Event: 286.174 Thread 0x000001faf08dc330 DEOPT PACKING pc=0x000001fade066f48 sp=0x00000038b1afa3b0
Event: 286.174 Thread 0x000001faf08dc330 DEOPT UNPACKING pc=0x000001fadd88a07c sp=0x00000038b1afa310 mode 2
Event: 286.182 Thread 0x000001faf08dc330 Uncommon trap: trap_request=0xffffffc6 fr.pc=0x000001fade0a372c relative=0x0000000000000cac
Event: 286.182 Thread 0x000001faf08dc330 Uncommon trap: reason=bimorphic_or_optimized_type_check action=maybe_recompile pc=0x000001fade0a372c method=org.springframework.core.SerializableTypeWrapper$TypeProxyInvocationHandler.invoke(Ljava/lang/Object;Ljava/lang/reflect/Method;[Ljava/lang/Object;)
Event: 286.182 Thread 0x000001faf08dc330 DEOPT PACKING pc=0x000001fade0a372c sp=0x00000038b1afa230
Event: 286.182 Thread 0x000001faf08dc330 DEOPT UNPACKING pc=0x000001fadd88a07c sp=0x00000038b1afa1b0 mode 2
Event: 286.399 Thread 0x000001faf08dc330 Uncommon trap: trap_request=0xffffff45 fr.pc=0x000001faddf5c6e8 relative=0x00000000000002e8
Event: 286.400 Thread 0x000001faf08dc330 Uncommon trap: reason=unstable_if action=reinterpret pc=0x000001faddf5c6e8 method=com.mysql.cj.util.StringInspector.matchesIgnoreCase(Ljava/lang/String;)I @ 93 c2
Event: 286.400 Thread 0x000001faf08dc330 DEOPT PACKING pc=0x000001faddf5c6e8 sp=0x00000038b1af9ff0
Event: 286.400 Thread 0x000001faf08dc330 DEOPT UNPACKING pc=0x000001fadd88a07c sp=0x00000038b1af9f90 mode 2
Event: 286.777 Thread 0x000001faf08dc330 DEOPT PACKING pc=0x000001fad6d795f8 sp=0x00000038b1afa1c0
Event: 286.777 Thread 0x000001faf08dc330 DEOPT UNPACKING pc=0x000001fadd7c1363 sp=0x00000038b1af9630 mode 0
Event: 1415.075 Thread 0x000001faf047f430 DEOPT PACKING pc=0x000001fad6d795f8 sp=0x00000038af5fe7b0
Event: 1415.076 Thread 0x000001faf047f430 DEOPT UNPACKING pc=0x000001fadd7c1363 sp=0x00000038af5fdc20 mode 0

Classes loaded (20 events):
Event: 168.358 Loading class java/math/MathContext
Event: 168.359 Loading class java/math/MathContext done
Event: 286.442 Loading class java/util/function/LongSupplier
Event: 286.446 Loading class java/util/function/LongSupplier done
Event: 1414.791 Loading class java/security/InvalidKeyException
Event: 1414.795 Loading class java/security/KeyException
Event: 1414.797 Loading class java/security/KeyException done
Event: 1414.798 Loading class java/security/InvalidKeyException done
Event: 1414.799 Loading class java/security/SignatureException
Event: 1414.800 Loading class java/security/SignatureException done
Event: 1414.811 Loading class javax/net/ssl/SSLSocket
Event: 1414.822 Loading class javax/net/ssl/SSLSocket done
Event: 1414.824 Loading class javax/crypto/NoSuchPaddingException
Event: 1414.826 Loading class javax/crypto/NoSuchPaddingException done
Event: 1414.826 Loading class javax/crypto/IllegalBlockSizeException
Event: 1414.828 Loading class javax/crypto/IllegalBlockSizeException done
Event: 1414.831 Loading class javax/crypto/BadPaddingException
Event: 1414.831 Loading class javax/crypto/BadPaddingException done
Event: 1414.833 Loading class java/security/spec/InvalidKeySpecException
Event: 1414.834 Loading class java/security/spec/InvalidKeySpecException done

Classes unloaded (0 events):
No events

Classes redefined (0 events):
No events

Internal exceptions (20 events):
Event: 103.873 Thread 0x000001faf08da3f0 Exception <a 'java/lang/NoSuchMethodError'{0x00000000de4e8050}: 'java.lang.Object java.lang.invoke.Invokers$Holder.linkToTargetMethod(java.lang.Object, java.lang.Object, java.lang.Object, long, java.lang.Object)'> (0x00000000de4e8050) 
thrown [s\open\src\hotspot\share\interpreter\linkResolver.cpp, line 804]
Event: 110.183 Thread 0x000001faf08da3f0 Exception <a 'sun/nio/fs/WindowsException'{0x00000000ddd608e8}> (0x00000000ddd608e8) 
thrown [s\open\src\hotspot\share\prims\jni.cpp, line 514]
Event: 110.443 Thread 0x000001faf08da3f0 Exception <a 'java/lang/NoSuchMethodError'{0x00000000ddcc2660}: 'double java.lang.invoke.DirectMethodHandle$Holder.invokeStatic(java.lang.Object, double)'> (0x00000000ddcc2660) 
thrown [s\open\src\hotspot\share\interpreter\linkResolver.cpp, line 804]
Event: 110.444 Thread 0x000001faf08da3f0 Exception <a 'java/lang/NoSuchMethodError'{0x00000000ddcd1d90}: 'double java.lang.invoke.DirectMethodHandle$Holder.invokeStaticInit(java.lang.Object, double)'> (0x00000000ddcd1d90) 
thrown [s\open\src\hotspot\share\interpreter\linkResolver.cpp, line 804]
Event: 111.484 Thread 0x000001faf08da3f0 Exception <a 'java/lang/NoSuchMethodError'{0x00000000dd61caf8}: 'java.lang.Object java.lang.invoke.DirectMethodHandle$Holder.invokeStatic(java.lang.Object, java.lang.Object, java.lang.Object, java.lang.Object, java.lang.Object, java.lang.Object, java.lang.Object, java.lang.Object, java.lang.Object, int)'> (0x00000000dd61caf8) 
thrown [s\open\src\hotspot\share\interpreter\linkResolver.cpp, line 804]
Event: 111.489 Thread 0x000001faf08da3f0 Exception <a 'java/lang/NoSuchMethodError'{0x00000000dd643ec0}: 'java.lang.Object java.lang.invoke.DirectMethodHandle$Holder.invokeStatic(java.lang.Object, java.lang.Object, java.lang.Object, java.lang.Object, java.lang.Object, java.lang.Object, java.lang.Object, java.lang.Object, int)'> (0x00000000dd643ec0) 
thrown [s\open\src\hotspot\share\interpreter\linkResolver.cpp, line 804]
Event: 111.566 Thread 0x000001faf08da3f0 Exception <a 'java/lang/NoSuchMethodError'{0x00000000dd5fece8}: 'java.lang.Object java.lang.invoke.DirectMethodHandle$Holder.newInvokeSpecial(java.lang.Object, java.lang.Object, int, int)'> (0x00000000dd5fece8) 
thrown [s\open\src\hotspot\share\interpreter\linkResolver.cpp, line 804]
Event: 111.583 Thread 0x000001faf08da3f0 Exception <a 'java/lang/NoSuchMethodError'{0x00000000dd465e90}: 'void java.lang.invoke.DirectMethodHandle$Holder.invokeStatic(java.lang.Object, java.lang.Object, int, int, java.lang.Object)'> (0x00000000dd465e90) 
thrown [s\open\src\hotspot\share\interpreter\linkResolver.cpp, line 804]
Event: 111.598 Thread 0x000001faf08da3f0 Exception <a 'java/lang/NoSuchMethodError'{0x00000000dd4bea00}: 'void java.lang.invoke.DirectMethodHandle$Holder.invokeSpecialIFC(java.lang.Object, java.lang.Object, int, java.lang.Object, java.lang.Object, java.lang.Object, java.lang.Object)'> (0x00000000dd4bea00) 
thrown [s\open\src\hotspot\share\interpreter\linkResolver.cpp, line 804]
Event: 112.028 Thread 0x000001faf08da3f0 Exception <a 'java/lang/IncompatibleClassChangeError'{0x00000000dce690c8}: Found class java.lang.Object, but interface was expected> (0x00000000dce690c8) 
thrown [s\open\src\hotspot\share\interpreter\linkResolver.cpp, line 871]
Event: 112.149 Thread 0x000001faf08da3f0 Exception <a 'java/lang/IncompatibleClassChangeError'{0x00000000dcd7ad48}: Found class java.lang.Object, but interface was expected> (0x00000000dcd7ad48) 
thrown [s\open\src\hotspot\share\interpreter\linkResolver.cpp, line 871]
Event: 112.548 Thread 0x000001faf08da3f0 Exception <a 'java/io/IOException'{0x00000000dc9425e8}> (0x00000000dc9425e8) 
thrown [s\open\src\hotspot\share\prims\jni.cpp, line 514]
Event: 168.366 Thread 0x000001faf08d9450 Exception <a 'java/lang/IncompatibleClassChangeError'{0x00000000dc1a06c0}: Found class java.lang.Object, but interface was expected> (0x00000000dc1a06c0) 
thrown [s\open\src\hotspot\share\interpreter\linkResolver.cpp, line 871]
Event: 285.967 Thread 0x000001faf08dc330 Exception <a 'java/lang/NoSuchMethodError'{0x00000000db7ab110}: 'java.lang.Object java.lang.invoke.DirectMethodHandle$Holder.invokeVirtual(java.lang.Object, java.lang.Object, int, int)'> (0x00000000db7ab110) 
thrown [s\open\src\hotspot\share\interpreter\linkResolver.cpp, line 804]
Event: 286.779 Thread 0x000001faf08dc330 Exception <a 'java/lang/IncompatibleClassChangeError'{0x00000000db535d80}: Found class java.lang.Object, but interface was expected> (0x00000000db535d80) 
thrown [s\open\src\hotspot\share\interpreter\linkResolver.cpp, line 871]
Event: 286.784 Thread 0x000001faf08dc330 Exception <a 'java/lang/IncompatibleClassChangeError'{0x00000000db538100}: Found class java.lang.Object, but interface was expected> (0x00000000db538100) 
thrown [s\open\src\hotspot\share\interpreter\linkResolver.cpp, line 871]
Event: 286.796 Thread 0x000001faf08dc330 Exception <a 'java/lang/NoSuchMethodError'{0x00000000db5436e8}: 'java.lang.Object java.lang.invoke.DirectMethodHandle$Holder.invokeStatic(java.lang.Object, long)'> (0x00000000db5436e8) 
thrown [s\open\src\hotspot\share\interpreter\linkResolver.cpp, line 804]
Event: 286.798 Thread 0x000001faf08dc330 Exception <a 'java/lang/NoSuchMethodError'{0x00000000db554280}: 'long java.lang.invoke.DelegatingMethodHandle$Holder.reinvoke_L(java.lang.Object, java.lang.Object)'> (0x00000000db554280) 
thrown [s\open\src\hotspot\share\interpreter\linkResolver.cpp, line 804]
Event: 286.802 Thread 0x000001faf08dc330 Exception <a 'java/lang/IncompatibleClassChangeError'{0x00000000db56df70}: Found class java.lang.Object, but interface was expected> (0x00000000db56df70) 
thrown [s\open\src\hotspot\share\interpreter\linkResolver.cpp, line 871]
Event: 286.817 Thread 0x000001faf08dc330 Exception <a 'java/lang/IncompatibleClassChangeError'{0x00000000db5889c8}: Found class java.lang.Object, but interface was expected> (0x00000000db5889c8) 
thrown [s\open\src\hotspot\share\interpreter\linkResolver.cpp, line 871]

VM Operations (20 events):
Event: 360.758 Executing non-safepoint VM operation: HandshakeAllThreads (DeflationHandshakeClosure)
Event: 360.762 Executing non-safepoint VM operation: HandshakeAllThreads (DeflationHandshakeClosure) done
Event: 360.762 Executing non-safepoint VM operation: RendezvousGCThreads
Event: 360.763 Executing non-safepoint VM operation: RendezvousGCThreads done
Event: 431.339 Executing non-safepoint VM operation: HandshakeAllThreads (G1 Java Thread CT swap)
Event: 431.339 Executing non-safepoint VM operation: HandshakeAllThreads (G1 Java Thread CT swap) done
Event: 431.339 Executing non-safepoint VM operation: G1RendezvousGCThreads
Event: 431.339 Executing non-safepoint VM operation: G1RendezvousGCThreads done
Event: 652.867 Executing non-safepoint VM operation: HandshakeAllThreads (G1 Java Thread CT swap)
Event: 652.867 Executing non-safepoint VM operation: HandshakeAllThreads (G1 Java Thread CT swap) done
Event: 652.867 Executing non-safepoint VM operation: G1RendezvousGCThreads
Event: 652.867 Executing non-safepoint VM operation: G1RendezvousGCThreads done
Event: 1016.170 Executing non-safepoint VM operation: HandshakeAllThreads (G1 Java Thread CT swap)
Event: 1016.174 Executing non-safepoint VM operation: HandshakeAllThreads (G1 Java Thread CT swap) done
Event: 1016.175 Executing non-safepoint VM operation: G1RendezvousGCThreads
Event: 1016.175 Executing non-safepoint VM operation: G1RendezvousGCThreads done
Event: 1437.530 Executing non-safepoint VM operation: HandshakeAllThreads (G1 Java Thread CT swap)
Event: 1437.530 Executing non-safepoint VM operation: HandshakeAllThreads (G1 Java Thread CT swap) done
Event: 1437.530 Executing non-safepoint VM operation: G1RendezvousGCThreads
Event: 1437.530 Executing non-safepoint VM operation: G1RendezvousGCThreads done

Memory protections (0 events):
No events

Nmethod flushes (20 events):
Event: 35.486 Thread 0x000001facd633240 flushing  nmethod 0x000001faddf95c08
Event: 35.486 Thread 0x000001facd633240 flushing  nmethod 0x000001fad62c0888
Event: 35.486 Thread 0x000001facd633240 flushing  nmethod 0x000001fad62d1b08
Event: 35.486 Thread 0x000001facd633240 flushing  nmethod 0x000001fad6339408
Event: 35.486 Thread 0x000001facd633240 flushing  nmethod 0x000001fad6408488
Event: 35.486 Thread 0x000001facd633240 flushing  nmethod 0x000001fad666b088
Event: 35.486 Thread 0x000001facd633240 flushing  nmethod 0x000001fad67a6508
Event: 35.486 Thread 0x000001facd633240 flushing  nmethod 0x000001fad681eb88
Event: 35.486 Thread 0x000001facd633240 flushing  nmethod 0x000001fad6893708
Event: 35.486 Thread 0x000001facd633240 flushing  nmethod 0x000001fad6897208
Event: 35.486 Thread 0x000001facd633240 flushing  nmethod 0x000001fad69fac88
Event: 35.486 Thread 0x000001facd633240 flushing  nmethod 0x000001fad6a04808
Event: 35.486 Thread 0x000001facd633240 flushing  nmethod 0x000001fad6a16a88
Event: 35.486 Thread 0x000001facd633240 flushing  nmethod 0x000001fad6b64a88
Event: 35.486 Thread 0x000001facd633240 flushing  nmethod 0x000001fad6b67a88
Event: 35.486 Thread 0x000001facd633240 flushing  nmethod 0x000001fad6b67e88
Event: 35.486 Thread 0x000001facd633240 flushing  nmethod 0x000001fad6b69f08
Event: 35.486 Thread 0x000001facd633240 flushing  nmethod 0x000001fad6b6a208
Event: 35.487 Thread 0x000001facd633240 flushing  nmethod 0x000001fad6b6aa88
Event: 35.487 Thread 0x000001facd633240 flushing  nmethod 0x000001fad6b8fb88

Events (20 events):
Event: 1525.207 Thread 0x000001faf047dcc0 Thread exited: 0x000001faf047dcc0
Event: 1525.253 Thread 0x000001faf047fc00 Thread exited: 0x000001faf047fc00
Event: 1603.965 Thread 0x000001faf0412670 Thread added: 0x000001faf0480ba0
Event: 1603.966 Thread 0x000001faf0480ba0 Thread added: 0x000001faf047fc00
Event: 1608.967 Thread 0x000001faf0480ba0 Thread exited: 0x000001faf0480ba0
Event: 1609.013 Thread 0x000001faf047fc00 Thread exited: 0x000001faf047fc00
Event: 1658.969 Thread 0x000001faf0412670 Thread added: 0x000001faf047f430
Event: 1658.971 Thread 0x000001faf047f430 Thread added: 0x000001faf04803d0
Event: 1663.972 Thread 0x000001faf047f430 Thread exited: 0x000001faf047f430
Event: 1664.016 Thread 0x000001faf04803d0 Thread exited: 0x000001faf04803d0
Event: 1689.265 Thread 0x000001faf0412670 Thread added: 0x000001faf047dcc0
Event: 1689.294 Thread 0x000001faf047dcc0 Thread added: 0x000001faf047e490
Event: 1694.301 Thread 0x000001faf047dcc0 Thread exited: 0x000001faf047dcc0
Event: 1694.393 Thread 0x000001faf047e490 Thread exited: 0x000001faf047e490
Event: 1698.638 Thread 0x000001faf0412670 Thread added: 0x000001faf0480ba0
Event: 1698.640 Thread 0x000001faf0480ba0 Thread added: 0x000001faf04803d0
Event: 1703.641 Thread 0x000001faf0480ba0 Thread exited: 0x000001faf0480ba0
Event: 1703.700 Thread 0x000001faf04803d0 Thread exited: 0x000001faf04803d0
Event: 1812.076 Thread 0x000001faf0412670 Thread added: 0x000001faf047e490
Event: 1812.123 Thread 0x000001faf047e490 Thread added: 0x000001faf04803d0


Dynamic libraries:
0x00007ff740360000 - 0x00007ff740370000 	C:\Program Files\Java\jdk-26\bin\java.exe
0x00007ffeec620000 - 0x00007ffeec810000 	C:\Windows\SYSTEM32\ntdll.dll
0x00007ffeea6d0000 - 0x00007ffeea782000 	C:\Windows\System32\KERNEL32.DLL
0x00007ffee99b0000 - 0x00007ffee9c53000 	C:\Windows\System32\KERNELBASE.dll
0x00007ffee9d00000 - 0x00007ffee9dfa000 	C:\Windows\System32\ucrtbase.dll
0x00007ffed9c80000 - 0x00007ffed9c97000 	C:\Program Files\Java\jdk-26\bin\jli.dll
0x00007ffedbd20000 - 0x00007ffedbd3e000 	C:\Program Files\Java\jdk-26\bin\VCRUNTIME140.dll
0x00007ffeeab80000 - 0x00007ffeead13000 	C:\Windows\System32\USER32.dll
0x00007ffee97a0000 - 0x00007ffee97c1000 	C:\Windows\System32\win32u.dll
0x00007ffedb4e0000 - 0x00007ffedb765000 	C:\Windows\WinSxS\amd64_microsoft.windows.common-controls_6595b64144ccf1df_6.0.18362.267_none_e6c5adbd130e444d\COMCTL32.dll
0x00007ffeeb810000 - 0x00007ffeeb836000 	C:\Windows\System32\GDI32.dll
0x00007ffee95b0000 - 0x00007ffee9744000 	C:\Windows\System32\gdi32full.dll
0x00007ffeeb690000 - 0x00007ffeeb72e000 	C:\Windows\System32\msvcrt.dll
0x00007ffeea580000 - 0x00007ffeea61e000 	C:\Windows\System32\msvcp_win.dll
0x00007ffeea790000 - 0x00007ffeeaac6000 	C:\Windows\System32\combase.dll
0x00007ffeec340000 - 0x00007ffeec460000 	C:\Windows\System32\RPCRT4.dll
0x00007ffee9c80000 - 0x00007ffee9d00000 	C:\Windows\System32\bcryptPrimitives.dll
0x00007ffeebfd0000 - 0x00007ffeebffe000 	C:\Windows\System32\IMM32.DLL
0x00007ffee7280000 - 0x00007ffee728c000 	C:\Program Files\Java\jdk-26\bin\vcruntime140_1.dll
0x00007ffecf810000 - 0x00007ffecf89d000 	C:\Program Files\Java\jdk-26\bin\msvcp140.dll
0x00007ffeb9960000 - 0x00007ffeba82e000 	C:\Program Files\Java\jdk-26\bin\server\jvm.dll
0x00007ffeeaad0000 - 0x00007ffeeab73000 	C:\Windows\System32\ADVAPI32.dll
0x00007ffeeb840000 - 0x00007ffeeb8d7000 	C:\Windows\System32\sechost.dll
0x00007ffee9520000 - 0x00007ffee956a000 	C:\Windows\System32\POWRPROF.dll
0x00007ffee94f0000 - 0x00007ffee9500000 	C:\Windows\System32\UMPDC.dll
0x00007ffeeb620000 - 0x00007ffeeb68f000 	C:\Windows\System32\WS2_32.dll
0x00007ffee7620000 - 0x00007ffee7644000 	C:\Windows\SYSTEM32\WINMM.dll
0x00007ffee75f0000 - 0x00007ffee761d000 	C:\Windows\SYSTEM32\WINMMBASE.dll
0x00007ffee9750000 - 0x00007ffee979a000 	C:\Windows\System32\cfgmgr32.dll
0x00007ffee4240000 - 0x00007ffee424a000 	C:\Windows\SYSTEM32\VERSION.dll
0x00007ffee9500000 - 0x00007ffee9511000 	C:\Windows\System32\kernel.appcore.dll
0x00007ffedc5c0000 - 0x00007ffedc5ca000 	C:\Program Files\Java\jdk-26\bin\jimage.dll
0x00007ffee2ff0000 - 0x00007ffee31e4000 	C:\Windows\SYSTEM32\DBGHELP.DLL
0x00007ffee34f0000 - 0x00007ffee351a000 	C:\Windows\SYSTEM32\dbgcore.DLL
0x00007ffed9c70000 - 0x00007ffed9c80000 	C:\Program Files\Java\jdk-26\bin\instrument.dll
0x00007ffed6f80000 - 0x00007ffed6f9f000 	C:\Program Files\Java\jdk-26\bin\java.dll
0x00007ffeead20000 - 0x00007ffeeae76000 	C:\Windows\System32\ole32.dll
0x00007ffeeb8e0000 - 0x00007ffeebfc2000 	C:\Windows\System32\SHELL32.dll
0x00007ffeec1b0000 - 0x00007ffeec259000 	C:\Windows\System32\shcore.dll
0x00007ffee9e00000 - 0x00007ffeea57c000 	C:\Windows\System32\windows.storage.dll
0x00007ffee9590000 - 0x00007ffee95af000 	C:\Windows\System32\profapi.dll
0x00007ffeec2e0000 - 0x00007ffeec332000 	C:\Windows\System32\shlwapi.dll
0x00007ffee9c60000 - 0x00007ffee9c77000 	C:\Windows\System32\cryptsp.dll
0x00007ffed6c90000 - 0x00007ffed6ca7000 	C:\Program Files\Java\jdk-26\bin\zip.dll
0x00007ffed6f60000 - 0x00007ffed6f72000 	C:\Program Files\Java\jdk-26\bin\net.dll
0x00007ffee8d00000 - 0x00007ffee8d67000 	C:\Windows\system32\mswsock.dll
0x00007ffed6cb0000 - 0x00007ffed6cc6000 	C:\Program Files\Java\jdk-26\bin\nio.dll
0x00007ffed89f0000 - 0x00007ffed89f9000 	C:\Program Files\Java\jdk-26\bin\extnet.dll
0x00007ffed6f10000 - 0x00007ffed6f1a000 	C:\Program Files\Java\jdk-26\bin\management.dll
0x00007ffed6e30000 - 0x00007ffed6e3c000 	C:\Program Files\Java\jdk-26\bin\management_ext.dll
0x00007ffeeb790000 - 0x00007ffeeb798000 	C:\Windows\System32\PSAPI.DLL
0x00007ffed6c40000 - 0x00007ffed6c4e000 	C:\Program Files\Java\jdk-26\bin\sunmscapi.dll
0x00007ffee9830000 - 0x00007ffee9979000 	C:\Windows\System32\CRYPT32.dll
0x00007ffee9570000 - 0x00007ffee9582000 	C:\Windows\System32\MSASN1.dll
0x00007ffee9030000 - 0x00007ffee9056000 	C:\Windows\SYSTEM32\ncrypt.dll
0x00007ffee9980000 - 0x00007ffee99a6000 	C:\Windows\System32\bcrypt.dll
0x00007ffee8ff0000 - 0x00007ffee902b000 	C:\Windows\SYSTEM32\NTASN1.dll
0x00007ffee8870000 - 0x00007ffee88a3000 	C:\Windows\system32\rsaenh.dll
0x00007ffee9410000 - 0x00007ffee9435000 	C:\Windows\SYSTEM32\USERENV.dll
0x00007ffee8ed0000 - 0x00007ffee8edc000 	C:\Windows\SYSTEM32\CRYPTBASE.dll
0x00007ffee8a10000 - 0x00007ffee8a4a000 	C:\Windows\SYSTEM32\IPHLPAPI.DLL
0x00007ffeeae80000 - 0x00007ffeeae88000 	C:\Windows\System32\NSI.dll
0x00007ffee8a50000 - 0x00007ffee8b1a000 	C:\Windows\SYSTEM32\DNSAPI.dll
0x00007ffee3590000 - 0x00007ffee359a000 	C:\Windows\System32\rasadhlp.dll
0x00007ffee5c00000 - 0x00007ffee5c77000 	C:\Windows\System32\fwpuclnt.dll
0x00007ffed6e40000 - 0x00007ffed6e47000 	C:\Windows\system32\wshunix.dll

JVMTI agents:
D:\IntelliJ IDEA 2026.1.2\lib\idea_rt.jar path:C:\Program Files\Java\jdk-26\bin\instrument.dll, loaded, initialized, instrumentlib options:57561

dbghelp: loaded successfully - version: 4.0.5 - missing functions: none
symbol engine: initialized successfully - sym options: 0x614 - pdb path: .;C:\Program Files\Java\jdk-26\bin;C:\Windows\SYSTEM32;C:\Windows\WinSxS\amd64_microsoft.windows.common-controls_6595b64144ccf1df_6.0.18362.267_none_e6c5adbd130e444d;C:\Program Files\Java\jdk-26\bin\server

VM Arguments:
jvm_args: -javaagent:D:\IntelliJ IDEA 2026.1.2\lib\idea_rt.jar=57561 -Dfile.encoding=UTF-8 -Dsun.stdout.encoding=UTF-8 -Dsun.stderr.encoding=UTF-8 
java_command: com.example.ecommerce_project.EcommerceProjectApplication
java_class_path (initial): C:\Users\DavidKhosh\Desktop\ecommerce-backend\target\classes;C:\Users\DavidKhosh\.m2\repository\org\springframework\boot\spring-boot-starter-data-jpa\4.1.0\spring-boot-starter-data-jpa-4.1.0.jar;C:\Users\DavidKhosh\.m2\repository\org\springframework\boot\spring-boot-starter\4.1.0\spring-boot-starter-4.1.0.jar;C:\Users\DavidKhosh\.m2\repository\org\springframework\boot\spring-boot-starter-logging\4.1.0\spring-boot-starter-logging-4.1.0.jar;C:\Users\DavidKhosh\.m2\repository\ch\qos\logback\logback-classic\1.5.34\logback-classic-1.5.34.jar;C:\Users\DavidKhosh\.m2\repository\ch\qos\logback\logback-core\1.5.34\logback-core-1.5.34.jar;C:\Users\DavidKhosh\.m2\repository\org\apache\logging\log4j\log4j-to-slf4j\2.25.4\log4j-to-slf4j-2.25.4.jar;C:\Users\DavidKhosh\.m2\repository\org\apache\logging\log4j\log4j-api\2.25.4\log4j-api-2.25.4.jar;C:\Users\DavidKhosh\.m2\repository\org\slf4j\jul-to-slf4j\2.0.18\jul-to-slf4j-2.0.18.jar;C:\Users\DavidKhosh\.m2\repository\jakarta\annotation\jakarta.annotation-api\3.0.0\jakarta.annotation-api-3.0.0.jar;C:\Users\DavidKhosh\.m2\repository\org\yaml\snakeyaml\2.6\snakeyaml-2.6.jar;C:\Users\DavidKhosh\.m2\repository\org\springframework\boot\spring-boot-starter-jdbc\4.1.0\spring-boot-starter-jdbc-4.1.0.jar;C:\Users\DavidKhosh\.m2\repository\com\zaxxer\HikariCP\7.0.2\HikariCP-7.0.2.jar;C:\Users\DavidKhosh\.m2\repository\org\slf4j\slf4j-api\2.0.18\slf4j-api-2.0.18.jar;C:\Users\DavidKhosh\.m2\repository\org\springframework\boot\spring-boot-data-jpa\4.1.0\spring-boot-data-jpa-4.1.0.jar;C:\Users\DavidKhosh\.m2\repository\org\springframework\boot\spring-boot-data-commons\4.1.0\spring-boot-data-commons-4.1.0.jar;C:\Users\DavidKhosh\.m2\repository\org\springframework\boot\spring-boot-persistence\4.1.0\spring-boot-persistence-4.1.0.jar;C:\Users\DavidKhosh\.m2\repository\org\springframework\data\spring-data-commons\4.1.0\spring-data-commons-4.1.0.jar;C:\Users\DavidKhosh\.m2\repository\org\springframework\boot\spring-boot-hibernate\4.1.0\spring-boot-hibernate-4.1.0.jar;C:\Users\DavidKhosh\.m2\repository\org\springframework\boot\spring-boot-jpa\4.1.0\spring-boot-jpa-4.1.0.jar;C:\Users\DavidKhosh\.m2\repository\jakarta\persistence\jakarta.persistence-api\3.2.0\jakarta.persistence-api-3.2.0.jar;C:\Users\DavidKhosh\.m2\repository\org\hibernate\orm\hibernate-core\7.4.1.Final\hibernate-core-7.4.1.Final.jar;C:\Users\DavidKhosh\.m2\repository\jakarta\transaction\jakarta.transaction-api\2.0.1\jakarta.transaction-api-2.0.1.jar;C:\Users\DavidKhosh\.m2\repository\org\hibernate\models\hibernate-models\1.1.1\hibernate-models-1.1.1.jar;C:\Users\DavidKhosh\.m2\repository\org\glassfish\jaxb\jaxb-runtime\4.0.9\jaxb-runtime-4.0.9.jar;C:\Users\DavidKhosh\.m2\repository\org\glassfish\jaxb\jaxb-core\4.0.9\jaxb-core-4.0.9.jar;C:\Users\DavidKhosh\.m2\repository\org\glassfish\jaxb\txw2\4.0.9\txw2-4.0.9.jar;C:\Users\DavidKhosh\.m2\repository\com\sun\istack\istack-commons-runtime\4.1.2\istack-commons-runtime-4.1.2.jar;C:\Users\DavidKhosh\.m2\repository\jakarta\inject\jakarta.inject-api\2.0.1\jakarta.inject-api-2.0.1.jar;C:\Users\DavidKhosh\.m2\repository\org\springframework\spring-orm\7.0.8\spring-orm-7.0.8.jar;C:\Users\DavidKhosh\.m2\repository\org\springframework\data\spring-data-jpa\4.1.0\spring-data-jpa-4.1.0.jar;C:\Users\DavidKhosh\.m2\repository\org\springframework\spring-tx\7.0.8\spring-tx-7.0.8.jar;C:\Users\DavidKhosh\.m2\repository\org\antlr\antlr4-runtime\4.13.2\antlr4-runtime-4.13.2.jar;C:\Users\DavidKhosh\.m2\repository\org\springframework\spring-aspects\7.0.8\spring-aspects-7.0.8.jar;C:\Users\DavidKhosh\.m2\repository\org\aspectj\aspectjweaver\1.9.25.1\aspectjweaver-1.9.25.1.jar;C:\Users\DavidKhosh\.m2\repository\org\springframework\boot\spring-boot-jdbc\4.1.0\spring-boot-jdbc-4.1.0.jar;C:\Users\DavidKhosh\.m2\repository\org\springframework\boot\spring-boot-sql\4.1.0\spring-boot-sql-4.1.0.jar;C:\Users\DavidKhosh\.m2\repository\org\springframework\boot\spring-boot-transaction\4.1.0\spring-boot-transaction-4.1.0.jar;C:\Users\DavidKhosh\.m2\repository\org\springframework\spring-jdbc\7.0.8\spring-jdbc-7.0.8.jar;C:\Users\DavidKhosh\.m2\repository\org\springframework\boot\spring-boot-starter-security\4.1.0\spring-boot-starter-security-4.1.0.jar;C:\Users\DavidKhosh\.m2\repository\org\springframework\boot\spring-boot-security\4.1.0\spring-boot-security-4.1.0.jar;C:\Users\DavidKhosh\.m2\repository\org\springframework\security\spring-security-config\7.1.0\spring-security-config-7.1.0.jar;C:\Users\DavidKhosh\.m2\repository\org\springframework\security\spring-security-core\7.1.0\spring-security-core-7.1.0.jar;C:\Users\DavidKhosh\.m2\repository\org\springframework\security\spring-security-crypto\7.1.0\spring-security-crypto-7.1.0.jar;C:\Users\DavidKhosh\.m2\repository\org\springframework\security\spring-security-web\7.1.0\spring-security-web-7.1.0.jar;C:\Users\DavidKhosh\.m2\repository\org\springframework\spring-expression\7.0.8\spring-expression-7.0.8.jar;C:\Users\DavidKhosh\.m2\repository\org\springframework\spring-aop\7.0.8\spring-aop-7.0.8.jar;C:\Users\DavidKhosh\.m2\repository\org\springframework\spring-beans\7.0.8\spring-beans-7.0.8.jar;C:\Users\DavidKhosh\.m2\repository\org\springframework\spring-core\7.0.8\spring-core-7.0.8.jar;C:\Users\DavidKhosh\.m2\repository\org\jspecify\jspecify\1.0.0\jspecify-1.0.0.jar;C:\Users\DavidKhosh\.m2\repository\org\springframework\boot\spring-boot-starter-webmvc\4.1.0\spring-boot-starter-webmvc-4.1.0.jar;C:\Users\DavidKhosh\.m2\repository\org\springframework\boot\spring-boot-starter-jackson\4.1.0\spring-boot-starter-jackson-4.1.0.jar;C:\Users\DavidKhosh\.m2\repository\org\springframework\boot\spring-boot-jackson\4.1.0\spring-boot-jackson-4.1.0.jar;C:\Users\DavidKhosh\.m2\repository\tools\jackson\core\jackson-databind\3.1.4\jackson-databind-3.1.4.jar;C:\Users\DavidKhosh\.m2\repository\tools\jackson\core\jackson-core\3.1.4\jackson-core-3.1.4.jar;C:\Users\DavidKhosh\.m2\repository\org\springframework\boot\spring-boot-starter-tomcat\4.1.0\spring-boot-starter-tomcat-4.1.0.jar;C:\Users\DavidKhosh\.m2\repository\org\springframework\boot\spring-boot-starter-tomcat-runtime\4.1.0\spring-boot-starter-tomcat-runtime-4.1.0.jar;C:\Users\DavidKhosh\.m2\repository\org\apache\tomcat\embed\tomcat-embed-core\11.0.22\tomcat-embed-core-11.0.22.jar;C:\Users\DavidKhosh\.m2\repository\org\apache\tomcat\embed\tomcat-embed-websocket\11.0.22\tomcat-embed-websocket-11.0.22.jar;C:\Users\DavidKhosh\.m2\repository\org\springframework\boot\spring-boot-tomcat\4.1.0\spring-boot-tomcat-4.1.0.jar;C:\Users\DavidKhosh\.m2\repository\org\springframework\boot\spring-boot-http-converter\4.1.0\spring-boot-http-converter-4.1.0.jar;C:\Users\DavidKhosh\.m2\repository\org\springframework\spring-web\7.0.8\spring-web-7.0.8.jar;C:\Users\DavidKhosh\.m2\repository\io\micrometer\micrometer-observation\1.17.0\micrometer-observation-1.17.0.jar;C:\Users\DavidKhosh\.m2\repository\io\micrometer\micrometer-commons\1.17.0\micrometer-commons-1.17.0.jar;C:\Users\DavidKhosh\.m2\repository\org\springframework\boot\spring-boot-webmvc\4.1.0\spring-boot-webmvc-4.1.0.jar;C:\Users\DavidKhosh\.m2\repository\org\springframework\boot\spring-boot-servlet\4.1.0\spring-boot-servlet-4.1.0.jar;C:\Users\DavidKhosh\.m2\repository\org\springframework\spring-webmvc\7.0.8\spring-webmvc-7.0.8.jar;C:\Users\DavidKhosh\.m2\repository\org\springframework\boot\spring-boot-devtools\4.1.0\spring-boot-devtools-4.1.0.jar;C:\Users\DavidKhosh\.m2\repository\org\springframework\boot\spring-boot\4.1.0\spring-boot-4.1.0.jar;C:\Users\DavidKhosh\.m2\repository\org\springframework\spring-context\7.0.8\spring-context-7.0.8.jar;C:\Users\DavidKhosh\.m2\repository\org\springframework\boot\spring-boot-autoconfigure\4.1.0\spring-boot-autoconfigure-4.1.0.jar;C:\Users\DavidKhosh\.m2\repository\com\mysql\mysql-connector-j\9.7.0\mysql-connector-j-9.7.0.jar;C:\Users\DavidKhosh\.m2\repository\org\postgresql\postgresql\42.7.11\postgresql-42.7.11.jar;C:\Users\DavidKhosh\.m2\repository\com\cloudinary\cloudinary-http44\1.36.0\cloudinary-http44-1.36.0.jar;C:\Users\DavidKhosh\.m2\repository\com\cloudinary\cloudinary-core\1.36.0\cloudinary-core-1.36.0.jar;C:\Users\DavidKhosh\.m2\repository\org\apache\commons\commons-lang3\3.20.0\commons-lang3-3.20.0.jar;C:\Users\DavidKhosh\.m2\repository\org\apache\httpcomponents\httpclient\4.4\httpclient-4.4.jar;C:\Users\DavidKhosh\.m2\repository\org\apache\httpcomponents\httpcore\4.4.16\httpcore-4.4.16.jar;C:\Users\DavidKhosh\.m2\repository\commons-logging\commons-logging\1.3.6\commons-logging-1.3.6.jar;C:\Users\DavidKhosh\.m2\repository\org\apache\httpcomponents\httpmime\4.4\httpmime-4.4.jar;C:\Users\DavidKhosh\.m2\repository\dev\samstevens\totp\totp\1.7.1\totp-1.7.1.jar;C:\Users\DavidKhosh\.m2\repository\commons-codec\commons-codec\1.21.0\commons-codec-1.21.0.jar;C:\Users\DavidKhosh\.m2\repository\org\projectlombok\lombok\1.18.46\lombok-1.18.46.jar;C:\Users\DavidKhosh\.m2\repository\com\google\zxing\core\3.5.3\core-3.5.3.jar;C:\Users\DavidKhosh\.m2\repository\com\google\zxing\javase\3.5.3\javase-3.5.3.jar;C:\Users\DavidKhosh\.m2\repository\com\beust\jcommander\1.82\jcommander-1.82.jar;C:\Users\DavidKhosh\.m2\repository\com\github\jai-imageio\jai-imageio-core\1.4.0\jai-imageio-core-1.4.0.jar;C:\Users\DavidKhosh\.m2\repository\com\stripe\stripe-java\28.3.0\stripe-java-28.3.0.jar;C:\Users\DavidKhosh\.m2\repository\com\google\code\gson\gson\2.13.2\gson-2.13.2.jar;C:\Users\DavidKhosh\.m2\repository\com\google\errorprone\error_prone_annotations\2.41.0\error_prone_annotations-2.41.0.jar;C:\Users\DavidKhosh\.m2\repository\jakarta\xml\bind\jakarta.xml.bind-api\4.0.5\jakarta.xml.bind-api-4.0.5.jar;C:\Users\DavidKhosh\.m2\repository\jakarta\activation\jakarta.activation-api\2.1.4\jakarta.activation-api-2.1.4.jar;C:\Users\DavidKhosh\.m2\repository\net\bytebuddy\byte-buddy\1.18.10\byte-buddy-1.18.10.jar;C:\Users\DavidKhosh\.m2\repository\org\springframework\boot\spring-boot-starter-mail\4.1.0\spring-boot-starter-mail-4.1.0.jar;C:\Users\DavidKhosh\.m2\repository\org\springframework\boot\spring-boot-mail\4.1.0\spring-boot-mail-4.1.0.jar;C:\Users\DavidKhosh\.m2\repository\org\springframework\spring-context-support\7.0.8\spring-context-support-7.0.8.jar;C:\Users\DavidKhosh\.m2\repository\jakarta\mail\jakarta.mail-api\2.1.5\jakarta.mail-api-2.1.5.jar;C:\Users\DavidKhosh\.m2\repository\org\eclipse\angus\angus-mail\2.0.5\angus-mail-2.0.5.jar;C:\Users\DavidKhosh\.m2\repository\org\eclipse\angus\angus-activation\2.0.3\angus-activation-2.0.3.jar;C:\Users\DavidKhosh\.m2\repository\org\springframework\boot\spring-boot-starter-validation\4.1.0\spring-boot-starter-validation-4.1.0.jar;C:\Users\DavidKhosh\.m2\repository\org\springframework\boot\spring-boot-validation\4.1.0\spring-boot-validation-4.1.0.jar;C:\Users\DavidKhosh\.m2\repository\org\apache\tomcat\embed\tomcat-embed-el\11.0.22\tomcat-embed-el-11.0.22.jar;C:\Users\DavidKhosh\.m2\repository\org\hibernate\validator\hibernate-validator\9.1.0.Final\hibernate-validator-9.1.0.Final.jar;C:\Users\DavidKhosh\.m2\repository\jakarta\validation\jakarta.validation-api\3.1.1\jakarta.validation-api-3.1.1.jar;C:\Users\DavidKhosh\.m2\repository\org\jboss\logging\jboss-logging\3.6.3.Final\jboss-logging-3.6.3.Final.jar;C:\Users\DavidKhosh\.m2\repository\com\fasterxml\classmate\1.7.3\classmate-1.7.3.jar;C:\Users\DavidKhosh\.m2\repository\io\jsonwebtoken\jjwt-api\0.12.5\jjwt-api-0.12.5.jar;C:\Users\DavidKhosh\.m2\repository\io\jsonwebtoken\jjwt-impl\0.12.5\jjwt-impl-0.12.5.jar;C:\Users\DavidKhosh\.m2\repository\io\jsonwebtoken\jjwt-jackson\0.12.5\jjwt-jackson-0.12.5.jar;C:\Users\DavidKhosh\.m2\repository\com\fasterxml\jackson\core\jackson-databind\2.21.4\jackson-databind-2.21.4.jar;C:\Users\DavidKhosh\.m2\repository\com\fasterxml\jackson\core\jackson-annotations\2.21\jackson-annotations-2.21.jar;C:\Users\DavidKhosh\.m2\repository\com\fasterxml\jackson\core\jackson-core\2.21.4\jackson-core-2.21.4.jar;C:\Users\DavidKhosh\.m2\repository\org\springframework\boot\spring-boot-web-server\4.1.0\spring-boot-web-server-4.1.0.jar
Launcher Type: SUN_STANDARD

[Global flags]
     bool AOTAdapterCaching                        = false                                  {diagnostic} {ergonomic}
     bool AOTInvokeDynamicLinking                  = false                                  {diagnostic} {ergonomic}
     bool AOTRecordTraining                        = false                                  {diagnostic} {ergonomic}
     bool AOTReplayTraining                        = false                                  {diagnostic} {ergonomic}
     bool AOTStubCaching                           = false                                  {diagnostic} {ergonomic}
     intx CICompilerCount                          = 3                                         {product} {ergonomic}
     uint ConcGCThreads                            = 1                                         {product} {ergonomic}
     uint G1ConcRefinementThreads                  = 4                                         {product} {ergonomic}
     uint G1EagerReclaimRemSetThreshold            = 10                                   {experimental} {ergonomic}
   size_t G1HeapRegionSize                         = 1048576                                   {product} {ergonomic}
     uint G1RemSetArrayOfCardsEntries              = 10                                   {experimental} {ergonomic}
     uint G1RemSetHowlMaxNumBuckets                = 8                                    {experimental} {ergonomic}
     uint G1RemSetHowlNumBuckets                   = 4                                    {experimental} {ergonomic}
   size_t InitialHeapSize                          = 8388608                                   {product} {ergonomic}
     bool IntelJccErratumMitigation                = true                              {ARCH diagnostic} {ergonomic}
   size_t MarkStackSize                            = 4194304                                   {product} {ergonomic}
   size_t MarkStackSizeMax                         = 536870912                                 {product} {ergonomic}
   size_t MaxHeapSize                              = 1048576000                                {product} {ergonomic}
   size_t MaxNewSize                               = 629145600                                 {product} {ergonomic}
 uint64_t MaxRAM                                   = 4186443776                                {product} {ergonomic}
   size_t MinHeapDeltaBytes                        = 1048576                                   {product} {ergonomic}
   size_t MinHeapSize                              = 8388608                                   {product} {ergonomic}
   size_t NonNMethodCodeHeapSize                   = 5832704                                {pd product} {ergonomic}
   size_t NonProfiledCodeHeapSize                  = 122945536                              {pd product} {ergonomic}
   size_t ProfiledCodeHeapSize                     = 122880000                              {pd product} {ergonomic}
   size_t ReservedCodeCacheSize                    = 251658240                              {pd product} {ergonomic}
     bool SegmentedCodeCache                       = true                                      {product} {ergonomic}
   size_t SoftMaxHeapSize                          = 1048576000                             {manageable} {ergonomic}
     bool UseCompressedOops                        = true                           {product lp64_product} {ergonomic}
     bool UseCondCardMark                          = true                                      {product} {ergonomic}
     bool UseFastUnorderedTimeStamps               = true                                 {experimental} {ergonomic}
     bool UseG1GC                                  = true                                      {product} {ergonomic}
     bool UseLargePagesIndividualAllocation        = false                                  {pd product} {ergonomic}
      int X86ICacheSync                            = 2                                 {ARCH diagnostic} {ergonomic}

Logging:
Log output configuration:
 #0: stdout all=warning uptime,level,tags foldmultilines=false
 #1: stderr all=off uptime,level,tags foldmultilines=false

Release file:
IMPLEMENTOR="Oracle Corporation" 
JAVA_RUNTIME_VERSION="26+35-2893" 
JAVA_VERSION="26" 
JAVA_VERSION_DATE="2026-03-17" 
LIBC="default" 
MODULES="java.base java.compiler java.datatransfer java.xml java.prefs java.desktop java.instrument java.logging java.management java.security.sasl java.naming java.rmi java.management.rmi java.net.http java.scripting java.security.jgss java.transaction.xa java.sql java.sql.rowset java.xml.crypto java.se java.smartcardio jdk.accessibility jdk.internal.jvmstat jdk.attach jdk.charsets jdk.internal.opt jdk.zipfs jdk.compiler jdk.crypto.cryptoki jdk.crypto.ec jdk.crypto.mscapi jdk.dynalink jdk.internal.ed jdk.editpad jdk.internal.vm.ci jdk.graal.compiler jdk.graal.compiler.management jdk.hotspot.agent jdk.httpserver jdk.incubator.vector jdk.internal.le jdk.internal.md jdk.jartool jdk.javadoc jdk.jcmd jdk.management jdk.management.agent jdk.jconsole jdk.jdeps jdk.jdwp.agent jdk.jdi jdk.jfr jdk.jlink jdk.jpackage jdk.jshell jdk.jstatd jdk.localedata jdk.management.jfr jdk.naming.dns jdk.naming.rmi jdk.net jdk.nio.mapmode jdk.sctp jdk.security.auth jdk.security.jgss jdk.unsupported jdk.unsupported.desktop jdk.xml.dom" 
OS_ARCH="x86_64" 
OS_NAME="Windows" 
SOURCE=".:git:1327d96f3b3c open:git:4408cd2a07a1" 

Environment Variables:
JAVA_HOME=C:\Program Files\Java\jdk-26
PATH=C:\Program Files\Common Files\Oracle\Java\javapath;C:\Program Files (x86)\Common Files\Oracle\Java\java8path;C:\Program Files (x86)\Common Files\Oracle\Java\javapath;C:\Program Files\Eclipse Adoptium\jdk-17.0.14.7-hotspot\bin;C:\Program Files (x86)\Common Files\Intel\Shared Libraries\redist\intel64_win\compiler;C:\Windows\system32;C:\Windows;C:\Windows\System32\Wbem;C:\Windows\System32\WindowsPowerShell\v1.0\;C:\Windows\System32\OpenSSH\;C:\Program Files (x86)\Common Files\Acronis\SnapAPI\;C:\Program Files\dotnet\;C:\Users\shalvagab\AppData\Local\nvm;D:\nodejs;C:\Program Files\MySQL\MySQL Shell 8.0\bin;C:\Program Files\nodejs\;C:\Users\DavidKhosh\AppData\Local\Programs\Python\Python313\Scripts\;C:\Users\DavidKhosh\AppData\Local\Programs\Python\Python313\;C:\Users\DavidKhosh\AppData\Local\Programs\Python\Launcher\;C:\Users\DavidKhosh\.local\bin;C:\Users\DavidKhosh\AppData\Local\Microsoft\WindowsApps;D:\Microsoft VS Code\bin;C:\Users\DavidKhosh\AppData\Roaming\npm;C:\Users\DavidKhosh\AppData\Local\Programs\Git\cmd
USERNAME=davidkhosh
OS=Windows_NT
PROCESSOR_IDENTIFIER=Intel64 Family 6 Model 158 Stepping 10, GenuineIntel
TMP=C:\Users\DAVIDK~1\AppData\Local\Temp
TEMP=C:\Users\DAVIDK~1\AppData\Local\Temp




Compilation memory statistics disabled.

Periodic native trim disabled

---------------  S Y S T E M  ---------------

OS:
 Windows 10 , 64 bit Build 18362 (10.0.18362.86)
OS uptime: 65 days 3:13 hours

CPU: total 4 (initial active 4) (2 cores per cpu, 2 threads per core) family 6 model 158 stepping 10 microcode 0xc6, cx8, cmov, fxsr, ht, mmx, 3dnowpref, sse, sse2, sse3, ssse3, sse4.1, sse4.2, popcnt, lzcnt, tsc, tscinvbit, erms, clmul, clflush, clflushopt, rdtscp
Processor Information for the first 4 processors :
  Max Mhz: 3792, Current Mhz: 3792, Mhz Limit: 3792

Memory: 4k page, system-wide physical 3992M (199M free)
TotalPageFile size 16280M (AvailPageFile size 0M)
current process WorkingSet (physical memory assigned to process): 31M, peak: 282M
current process commit charge ("private bytes"): 705M, peak: 742M

vm_info: Java HotSpot(TM) 64-Bit Server VM (26+35-2893) for windows-amd64 JRE (26+35-2893), built on 2026-02-12T17:04:02Z with MS VC++ 17.13 (VS2022)

END.
